file_name,NOSE_x,NOSE_y,NOSE_score,LEFT_EYE_x,LEFT_EYE_y,LEFT_EYE_score,RIGHT_EYE_x,RIGHT_EYE_y,RIGHT_EYE_score,LEFT_EAR_x,LEFT_EAR_y,LEFT_EAR_score,RIGHT_EAR_x,RIGHT_EAR_y,RIGHT_EAR_score,LEFT_SHOULDER_x,LEFT_SHOULDER_y,LEFT_SHOULDER_score,RIGHT_SHOULDER_x,RIGHT_SHOULDER_y,RIGHT_SHOULDER_score,LEFT_ELBOW_x,LEFT_ELBOW_y,LEFT_ELBOW_score,RIGHT_ELBOW_x,RIGHT_ELBOW_y,RIGHT_ELBOW_score,LEFT_WRIST_x,LEFT_WRIST_y,LEFT_WRIST_score,RIGHT_WRIST_x,RIGHT_WRIST_y,RIGHT_WRIST_score,LEFT_HIP_x,LEFT_HIP_y,LEFT_HIP_score,RIGHT_HIP_x,RIGHT_HIP_y,RIGHT_HIP_score,LEFT_KNEE_x,LEFT_KNEE_y,LEFT_KNEE_score,RIGHT_KNEE_x,RIGHT_KNEE_y,RIGHT_KNEE_score,LEFT_ANKLE_x,LEFT_ANKLE_y,LEFT_ANKLE_score,RIGHT_ANKLE_x,RIGHT_ANKLE_y,RIGHT_ANKLE_score,class_no,class_name
exp/frame_00000.jpg,54.0,20.0,0.6225058,51.0,17.0,0.6443398,57.0,17.0,0.72193384,47.0,21.0,0.69296956,61.0,21.0,0.7681998,37.0,37.0,0.85583794,70.0,39.0,0.8541451,30.0,67.0,0.8965744,77.0,68.0,0.887436,35.0,84.0,0.53856796,70.0,82.0,0.55299234,44.0,84.0,0.9282099,64.0,83.0,0.91050386,35.0,121.0,0.8978058,81.0,116.0,0.7992469,32.0,161.0,0.7469789,101.0,146.0,0.7807723,0,exp
exp/frame_000002.jpg,33.0,21.0,0.5214834,34.0,19.0,0.676197,31.0,19.0,0.6447998,35.0,20.0,0.3992603,26.0,20.0,0.6060768,40.0,32.0,0.7555243,19.0,32.0,0.7720858,42.0,50.0,0.47730774,14.0,50.0,0.55137414,43.0,63.0,0.45662096,12.0,69.0,0.56700313,36.0,63.0,0.80424535,24.0,64.0,0.83549196,38.0,91.0,0.8093375,23.0,91.0,0.6043283,38.0,115.0,0.6599127,25.0,117.0,0.511779,0,exp
exp/frame_000003.jpg,14.0,37.0,0.39671886,16.0,34.0,0.48643282,14.0,34.0,0.51736057,24.0,34.0,0.6007638,19.0,35.0,0.4937302,38.0,45.0,0.76112545,19.0,49.0,0.68634,53.0,67.0,0.63804543,15.0,69.0,0.8368803,61.0,89.0,0.48555186,5.0,81.0,0.64745283,46.0,82.0,0.89541256,32.0,83.0,0.868411,36.0,116.0,0.7338535,29.0,115.0,0.7930157,42.0,145.0,0.562832,38.0,143.0,0.71604383,0,exp
exp/frame_000005.jpg,16.0,49.0,0.6130446,18.0,45.0,0.5059897,15.0,46.0,0.63056296,25.0,43.0,0.5639063,19.0,44.0,0.52480775,39.0,48.0,0.88631374,19.0,52.0,0.64019465,52.0,71.0,0.6316962,3.0,64.0,0.37083682,45.0,92.0,0.35042876,4.0,61.0,0.31816447,64.0,68.0,0.89018166,49.0,70.0,0.76198006,42.0,95.0,0.50986755,37.0,95.0,0.43261296,56.0,114.0,0.46510473,50.0,116.0,0.17025825,0,exp
exp/frame_000006.jpg,63.0,49.0,0.4060336,64.0,46.0,0.59288037,60.0,47.0,0.36952013,63.0,49.0,0.5378978,53.0,51.0,0.70840645,70.0,65.0,0.774536,44.0,58.0,0.9179636,70.0,87.0,0.42723507,44.0,77.0,0.8333951,68.0,92.0,0.2413845,63.0,70.0,0.48842525,59.0,103.0,0.8672966,40.0,101.0,0.81834733,61.0,116.0,0.37133107,31.0,128.0,0.8376037,39.0,133.0,0.32673302,36.0,136.0,0.2887741,0,exp
exp/frame_000007.jpg,32.0,34.0,0.21095558,28.0,27.0,0.55192506,25.0,27.0,0.57904863,38.0,27.0,0.48601913,44.0,29.0,0.17142907,45.0,48.0,0.79145515,69.0,44.0,0.87703156,33.0,69.0,0.6863071,85.0,51.0,0.88057387,9.0,79.0,0.38319933,65.0,63.0,0.29604042,70.0,89.0,0.8383765,86.0,86.0,0.898644,52.0,131.0,0.73779565,89.0,128.0,0.79283345,53.0,166.0,0.7605084,100.0,163.0,0.75627756,0,exp
exp/frame_000122.jpg,32.0,22.0,0.59502244,34.0,20.0,0.64610577,30.0,20.0,0.6797594,35.0,21.0,0.58252835,26.0,21.0,0.58130157,40.0,33.0,0.7642244,20.0,34.0,0.8433512,42.0,53.0,0.421755,17.0,55.0,0.6927854,43.0,66.0,0.15336746,15.0,74.0,0.4341582,37.0,67.0,0.8500247,25.0,67.0,0.83483213,36.0,93.0,0.7829282,23.0,92.0,0.68583953,36.0,116.0,0.6563581,24.0,118.0,0.64386165,0,exp
exp/frame_000123.jpg,37.0,38.0,0.49791354,39.0,34.0,0.59936273,35.0,34.0,0.7487601,49.0,32.0,0.43407282,38.0,33.0,0.5302579,63.0,52.0,0.5757103,31.0,45.0,0.7752898,54.0,77.0,0.60466754,29.0,64.0,0.7240803,36.0,91.0,0.67468494,18.0,77.0,0.60493624,57.0,88.0,0.73037124,40.0,86.0,0.8342029,71.0,131.0,0.55424416,30.0,122.0,0.7092031,76.0,167.0,0.5119865,36.0,155.0,0.90569633,0,exp
exp/frame_000124.jpg,57.0,86.0,0.520341,57.0,84.0,0.55872107,57.0,84.0,0.55145,63.0,83.0,0.70661974,62.0,83.0,0.6135953,73.0,93.0,0.62871027,73.0,90.0,0.73039806,85.0,115.0,0.6081204,78.0,108.0,0.35584968,79.0,137.0,0.49529028,71.0,116.0,0.34761968,99.0,116.0,0.41267207,96.0,115.0,0.39543158,61.0,131.0,0.7604954,68.0,123.0,0.5876774,72.0,163.0,0.34519333,75.0,157.0,0.10685497,0,exp
exp/frame_000125.jpg,70.0,26.0,0.56005317,67.0,23.0,0.57896316,73.0,23.0,0.5715726,64.0,27.0,0.73646826,76.0,27.0,0.6742989,55.0,42.0,0.8769924,87.0,44.0,0.758101,46.0,69.0,0.63775253,92.0,72.0,0.7260982,53.0,86.0,0.27322793,81.0,85.0,0.46960494,63.0,90.0,0.7867195,83.0,90.0,0.86540496,48.0,124.0,0.7222557,88.0,122.0,0.7952693,45.0,164.0,0.88220024,95.0,159.0,0.8738979,0,exp
exp/frame_000126.jpg,29.0,28.0,0.3926047,26.0,23.0,0.35091117,29.0,24.0,0.38927183,31.0,25.0,0.47673586,39.0,25.0,0.49467406,33.0,41.0,0.6377628,58.0,36.0,0.89486605,22.0,65.0,0.87807155,74.0,47.0,0.6961424,5.0,78.0,0.5839249,55.0,57.0,0.32319006,59.0,84.0,0.8843409,75.0,79.0,0.9080387,47.0,125.0,0.5947889,79.0,122.0,0.76998675,64.0,162.0,0.6837536,93.0,160.0,0.6677345,0,exp
exp/frame_000127.jpg,10.0,33.0,0.59585357,12.0,30.0,0.50602186,11.0,30.0,0.44784108,21.0,30.0,0.53809416,20.0,30.0,0.46855485,33.0,43.0,0.8085879,21.0,43.0,0.5936836,42.0,60.0,0.44660908,31.0,58.0,0.2635616,33.0,52.0,0.16782148,26.0,65.0,0.11232829,41.0,80.0,0.8621219,28.0,80.0,0.8574968,45.0,114.0,0.8219135,21.0,110.0,0.86211044,61.0,140.0,0.6796676,27.0,140.0,0.8359524,0,exp
exp/frame_00024.jpg,27.0,19.0,0.48919004,28.0,17.0,0.41048518,24.0,16.0,0.5426882,29.0,18.0,0.57497686,20.0,19.0,0.60678107,34.0,31.0,0.65050393,14.0,32.0,0.8588488,36.0,50.0,0.41301188,12.0,50.0,0.7134987,38.0,59.0,0.20000346,13.0,65.0,0.6114413,31.0,63.0,0.7890263,19.0,64.0,0.8421815,31.0,89.0,0.8336204,18.0,90.0,0.68550384,30.0,115.0,0.704695,17.0,115.0,0.5645529,0,exp
exp/frame_000242.jpg,49.0,27.0,0.557873,47.0,23.0,0.6770158,52.0,24.0,0.6200402,41.0,26.0,0.5961627,55.0,27.0,0.600953,29.0,41.0,0.6874429,64.0,43.0,0.78376704,19.0,67.0,0.7863987,72.0,71.0,0.67776966,24.0,86.0,0.43841895,72.0,90.0,0.52693236,35.0,88.0,0.8855769,57.0,89.0,0.9022665,28.0,127.0,0.8854642,68.0,123.0,0.6843841,21.0,165.0,0.81570464,81.0,161.0,0.653759,0,exp
exp/frame_000243.jpg,11.0,34.0,0.35464498,12.0,30.0,0.5602205,12.0,31.0,0.45451,22.0,31.0,0.44702494,20.0,31.0,0.40421298,33.0,46.0,0.81120336,20.0,46.0,0.6039678,43.0,66.0,0.43557107,27.0,62.0,0.37278712,41.0,87.0,0.43251777,29.0,70.0,0.12232752,45.0,75.0,0.7557045,33.0,75.0,0.7879537,49.0,109.0,0.71065825,27.0,101.0,0.7276375,56.0,120.0,0.24217308,28.0,126.0,0.6805321,0,exp
exp/frame_000244.jpg,32.0,20.0,0.55263114,30.0,17.0,0.6954582,34.0,17.0,0.45749956,28.0,20.0,0.5939351,40.0,18.0,0.62872195,28.0,34.0,0.7249012,55.0,29.0,0.84714115,17.0,58.0,0.5417203,57.0,49.0,0.5416079,0.0,64.0,0.37056273,40.0,62.0,0.19488071,48.0,80.0,0.8772818,67.0,76.0,0.8795266,38.0,121.0,0.60368156,69.0,118.0,0.7016442,36.0,163.0,0.83431745,85.0,156.0,0.673384,0,exp
exp/frame_000362.jpg,42.0,26.0,0.44436833,40.0,24.0,0.5545288,44.0,25.0,0.6012218,34.0,27.0,0.7075097,47.0,27.0,0.541296,21.0,42.0,0.8712689,53.0,43.0,0.89242625,6.0,63.0,0.8283101,60.0,70.0,0.76478606,13.0,83.0,0.56852585,69.0,84.0,0.5443857,26.0,89.0,0.89017797,45.0,90.0,0.9182454,23.0,129.0,0.84694004,57.0,123.0,0.8398277,18.0,163.0,0.6435919,58.0,157.0,0.8073698,0,exp
exp/frame_000365.jpg,77.0,29.0,0.28648406,75.0,26.0,0.3215539,80.0,27.0,0.41408122,69.0,29.0,0.44303972,82.0,30.0,0.6386931,57.0,44.0,0.78967315,85.0,45.0,0.6440723,44.0,65.0,0.6422006,83.0,67.0,0.21134853,51.0,84.0,0.5654491,76.0,82.0,0.15585585,61.0,93.0,0.81557524,80.0,93.0,0.8156613,57.0,131.0,0.7469064,83.0,126.0,0.36421806,54.0,152.0,0.23596683,79.0,126.0,0.2442932,0,exp
exp/frame_000366.jpg,10.0,23.0,0.49505618,12.0,20.0,0.46431088,10.0,20.0,0.46040985,21.0,19.0,0.60818446,19.0,19.0,0.5262023,31.0,31.0,0.69566214,21.0,32.0,0.5771773,44.0,59.0,0.4036962,24.0,50.0,0.38269272,41.0,76.0,0.2976171,21.0,55.0,0.10043408,38.0,66.0,0.86002994,29.0,65.0,0.81933606,45.0,99.0,0.54575944,24.0,91.0,0.8129666,58.0,123.0,0.5880502,31.0,117.0,0.6546351,0,exp
exp/frame_000367.jpg,33.0,25.0,0.48670802,34.0,23.0,0.4595944,30.0,23.0,0.3355309,35.0,24.0,0.46393737,26.0,24.0,0.5029284,38.0,37.0,0.697842,20.0,36.0,0.7702018,40.0,55.0,0.3907058,17.0,55.0,0.6111603,42.0,65.0,0.24988145,18.0,72.0,0.5915319,36.0,70.0,0.76091653,25.0,70.0,0.8329052,37.0,95.0,0.7813793,24.0,96.0,0.60851914,34.0,120.0,0.6455809,22.0,124.0,0.3384818,0,exp
exp/frame_000368.jpg,46.0,28.0,0.4361794,49.0,25.0,0.54669297,45.0,25.0,0.5337496,56.0,24.0,0.74838066,48.0,24.0,0.39149898,69.0,34.0,0.8218174,43.0,39.0,0.84075534,83.0,49.0,0.4654735,41.0,58.0,0.6474223,73.0,63.0,0.26699448,31.0,71.0,0.5936663,71.0,78.0,0.8277817,54.0,79.0,0.81440747,71.0,113.0,0.72236776,43.0,111.0,0.72956645,79.0,136.0,0.14875437,48.0,141.0,0.76082003,0,exp
exp/frame_000369.jpg,32.0,32.0,0.5157852,31.0,29.0,0.50558007,34.0,29.0,0.5077133,32.0,30.0,0.5359552,42.0,29.0,0.6460396,30.0,43.0,0.7470482,56.0,40.0,0.88559556,9.0,65.0,0.6120535,50.0,46.0,0.46508998,4.0,44.0,0.63126326,33.0,44.0,0.18374589,51.0,88.0,0.8526449,68.0,85.0,0.8519285,40.0,129.0,0.5612651,70.0,128.0,0.6712296,56.0,169.0,0.54071313,83.0,166.0,0.7910985,0,exp
exp/frame_000482.jpg,5.0,22.0,0.52513933,7.0,19.0,0.55480087,4.0,19.0,0.55073,12.0,18.0,0.6322912,6.0,18.0,0.35060033,20.0,26.0,0.804134,8.0,27.0,0.43940434,35.0,41.0,0.82752264,14.0,41.0,0.28422126,32.0,58.0,0.69883186,11.0,46.0,0.11326576,36.0,47.0,0.70679283,25.0,49.0,0.70230925,32.0,72.0,0.4756535,18.0,69.0,0.744014,43.0,88.0,0.47675648,22.0,88.0,0.5012363,0,exp
exp/frame_000483.jpg,34.0,27.0,0.49213517,35.0,24.0,0.51723313,32.0,24.0,0.60089433,36.0,25.0,0.54774946,28.0,26.0,0.6470616,41.0,38.0,0.81805533,20.0,38.0,0.8700256,42.0,56.0,0.496328,17.0,56.0,0.61573935,45.0,62.0,0.28427184,17.0,71.0,0.51356924,37.0,71.0,0.8015153,25.0,72.0,0.8160629,37.0,96.0,0.7735911,24.0,97.0,0.7577387,36.0,120.0,0.62453604,23.0,121.0,0.5511086,0,exp
exp/frame_000484.jpg,63.0,24.0,0.5454029,60.0,20.0,0.60744274,66.0,20.0,0.6933114,57.0,23.0,0.562466,70.0,23.0,0.59268713,48.0,38.0,0.8408294,76.0,41.0,0.8651197,32.0,57.0,0.5816755,86.0,69.0,0.74043775,38.0,41.0,0.32466552,81.0,53.0,0.43312123,48.0,86.0,0.92238545,66.0,86.0,0.7686484,45.0,127.0,0.7295641,69.0,126.0,0.76533735,36.0,165.0,0.589224,61.0,162.0,0.6845144,0,exp
exp/frame_000485.jpg,28.0,36.0,0.5975887,31.0,33.0,0.88220346,27.0,33.0,0.8280299,40.0,32.0,0.7805767,30.0,32.0,0.65644985,50.0,41.0,0.87657493,24.0,43.0,0.838027,75.0,49.0,0.4047476,18.0,58.0,0.4532728,74.0,49.0,0.17358343,23.0,73.0,0.38451895,54.0,77.0,0.9114018,39.0,77.0,0.902051,45.0,114.0,0.73011774,26.0,109.0,0.6983512,66.0,139.0,0.69012606,39.0,134.0,0.5870466,0,exp
exp/frame_000486.jpg,15.0,37.0,0.6496598,18.0,33.0,0.58093905,15.0,34.0,0.6666529,24.0,34.0,0.6299497,21.0,34.0,0.648089,35.0,41.0,0.8470676,20.0,49.0,0.8732784,49.0,60.0,0.64560676,20.0,64.0,0.8078543,61.0,79.0,0.28704023,13.0,77.0,0.8675006,45.0,77.0,0.86777794,33.0,78.0,0.9077911,49.0,109.0,0.89830655,32.0,106.0,0.82228315,65.0,139.0,0.54197,40.0,133.0,0.8018036,0,exp
exp/frame_000487.jpg,46.0,25.0,0.61068153,43.0,21.0,0.48748544,49.0,22.0,0.64193285,38.0,24.0,0.6507461,52.0,26.0,0.7883573,30.0,37.0,0.74717426,60.0,39.0,0.8824833,10.0,47.0,0.574076,56.0,56.0,0.4468183,14.0,46.0,0.31622776,44.0,52.0,0.17990562,45.0,86.0,0.9316406,67.0,83.0,0.9127389,27.0,123.0,0.7793982,71.0,118.0,0.85337913,15.0,164.0,0.73126364,85.0,142.0,0.47357383,0,exp
exp/frame_000602.jpg,75.0,25.0,0.6289425,74.0,22.0,0.76862496,73.0,22.0,0.80638224,67.0,22.0,0.60149586,66.0,23.0,0.75383097,53.0,28.0,0.61866176,72.0,37.0,0.77806354,36.0,40.0,0.62748265,81.0,54.0,0.49843997,36.0,55.0,0.3139812,79.0,54.0,0.24061015,43.0,66.0,0.69152087,51.0,69.0,0.5863113,51.0,85.0,0.21519035,70.0,91.0,0.6512987,48.0,103.0,0.23851427,54.0,109.0,0.2133022,0,exp
exp/frame_000603.jpg,64.0,24.0,0.4992001,62.0,20.0,0.5737511,64.0,21.0,0.6331838,55.0,21.0,0.66545165,62.0,21.0,0.50363386,39.0,36.0,0.80281603,65.0,36.0,0.84316397,23.0,56.0,0.5556052,70.0,63.0,0.686243,37.0,58.0,0.27623385,82.0,71.0,0.6986519,31.0,83.0,0.81547654,50.0,83.0,0.8946204,29.0,121.0,0.6084778,66.0,120.0,0.7627127,10.0,144.0,0.64067507,53.0,152.0,0.5126685,0,exp
exp/frame_000605.jpg,74.0,14.0,0.4018153,72.0,11.0,0.6192362,77.0,12.0,0.5384246,67.0,13.0,0.6015284,78.0,15.0,0.7162229,53.0,28.0,0.5288665,81.0,33.0,0.8530175,53.0,52.0,0.23954268,92.0,60.0,0.7095117,62.0,56.0,0.18785402,93.0,56.0,0.3050503,49.0,74.0,0.82280767,66.0,77.0,0.9005899,51.0,113.0,0.78312916,67.0,116.0,0.72355676,41.0,146.0,0.7434408,59.0,151.0,0.576924,0,exp
exp/frame_000606.jpg,14.0,23.0,0.5399033,17.0,21.0,0.7511594,13.0,21.0,0.68261766,23.0,20.0,0.7298521,16.0,21.0,0.5458132,32.0,30.0,0.7509346,13.0,33.0,0.8012133,48.0,44.0,0.6308005,9.0,43.0,0.2491132,58.0,59.0,0.68340474,13.0,44.0,0.15868954,47.0,62.0,0.90846467,32.0,64.0,0.745521,48.0,97.0,0.91381246,32.0,93.0,0.9036325,60.0,123.0,0.80003047,36.0,122.0,0.8140303,0,exp
exp/frame_000607.jpg,29.0,19.0,0.5227037,31.0,17.0,0.6534232,27.0,17.0,0.5101303,32.0,18.0,0.589188,23.0,19.0,0.69433963,37.0,32.0,0.75659835,17.0,32.0,0.8387356,40.0,49.0,0.46796906,14.0,50.0,0.60870755,44.0,61.0,0.29684153,11.0,68.0,0.5594449,34.0,66.0,0.85067666,21.0,66.0,0.8529452,36.0,91.0,0.5532812,17.0,91.0,0.7642405,38.0,115.0,0.65294534,12.0,115.0,0.7599347,0,exp
exp/frame_00072.jpg,46.0,18.0,0.5345215,45.0,15.0,0.63840044,43.0,16.0,0.65751475,41.0,18.0,0.46425492,34.0,20.0,0.60224086,54.0,32.0,0.9175707,22.0,31.0,0.8517538,62.0,48.0,0.7225474,3.0,47.0,0.7033657,75.0,55.0,0.30817103,13.0,39.0,0.39575058,47.0,72.0,0.9362647,28.0,72.0,0.8961756,55.0,105.0,0.8241594,31.0,104.0,0.8487316,50.0,112.0,0.101423964,30.0,122.0,0.40594327,0,exp
exp/frame_000722.jpg,50.0,33.0,0.5587165,48.0,29.0,0.59410864,48.0,30.0,0.50371283,40.0,31.0,0.5687883,44.0,33.0,0.5498507,25.0,46.0,0.91499716,49.0,48.0,0.73458594,24.0,65.0,0.36162895,65.0,69.0,0.303768,34.0,66.0,0.11865029,66.0,43.0,0.17524834,19.0,91.0,0.8706078,32.0,93.0,0.79978746,36.0,118.0,0.3146687,23.0,132.0,0.7877618,35.0,145.0,0.67537034,15.0,156.0,0.6748302,0,exp
exp/frame_000723.jpg,21.0,32.0,0.72086155,25.0,30.0,0.7307773,20.0,29.0,0.8331632,31.0,31.0,0.7010147,21.0,30.0,0.59229565,40.0,41.0,0.8322929,15.0,42.0,0.61668086,57.0,58.0,0.64177567,7.0,57.0,0.49423733,62.0,78.0,0.3628757,2.0,63.0,0.29059583,47.0,75.0,0.9176784,32.0,75.0,0.904546,50.0,106.0,0.86190665,30.0,105.0,0.81846535,61.0,135.0,0.5886228,35.0,132.0,0.85867655,0,exp
exp/frame_000724.jpg,82.0,22.0,0.48003122,80.0,17.0,0.5855066,82.0,18.0,0.59313977,74.0,18.0,0.40789688,79.0,18.0,0.5975702,59.0,33.0,0.6016596,77.0,35.0,0.58907086,59.0,55.0,0.12828416,95.0,56.0,0.4834441,68.0,58.0,0.18204632,107.0,46.0,0.39525163,50.0,77.0,0.6137659,63.0,80.0,0.71445227,64.0,110.0,0.662705,71.0,118.0,0.41927198,50.0,137.0,0.48636067,59.0,160.0,0.61664325,0,exp
exp/frame_000725.jpg,26.0,25.0,0.5284917,28.0,22.0,0.53839284,23.0,22.0,0.66621804,31.0,23.0,0.6638366,21.0,23.0,0.725793,36.0,36.0,0.809214,14.0,37.0,0.7731923,44.0,50.0,0.28677806,10.0,53.0,0.36354008,46.0,46.0,0.13004255,10.0,51.0,0.18861827,33.0,71.0,0.88582873,19.0,72.0,0.8184438,38.0,94.0,0.68416905,17.0,95.0,0.8357634,44.0,115.0,0.7388314,17.0,119.0,0.91463894,0,exp
exp/frame_00084.jpg,20.0,16.0,0.5471939,23.0,13.0,0.47056207,18.0,14.0,0.5904685,25.0,15.0,0.61419475,14.0,16.0,0.70722115,31.0,30.0,0.8153362,8.0,31.0,0.8391264,36.0,51.0,0.49579534,4.0,51.0,0.71480477,38.0,64.0,0.5220798,2.0,74.0,0.5339265,29.0,67.0,0.90116864,15.0,68.0,0.84263563,35.0,93.0,0.6711629,16.0,94.0,0.8179077,37.0,116.0,0.7067549,21.0,117.0,0.7093656,0,exp
exp/frame_000842.jpg,54.0,16.0,0.44288656,52.0,12.0,0.44838643,53.0,13.0,0.60704803,44.0,14.0,0.5957087,46.0,15.0,0.5135586,31.0,28.0,0.8697613,49.0,30.0,0.6188928,39.0,49.0,0.42563415,62.0,53.0,0.7041888,58.0,44.0,0.29271075,66.0,49.0,0.5171704,25.0,77.0,0.77839375,39.0,76.0,0.8010123,40.0,111.0,0.68500155,61.0,105.0,0.84404284,25.0,148.0,0.76287585,43.0,141.0,0.6288699,0,exp
exp/frame_000843.jpg,66.0,36.0,0.5861828,64.0,33.0,0.64020276,62.0,33.0,0.7621633,59.0,35.0,0.67868423,52.0,37.0,0.79267526,72.0,43.0,0.71220887,40.0,50.0,0.91726774,85.0,61.0,0.6749487,7.0,70.0,0.8331506,87.0,80.0,0.67891586,2.0,46.0,0.7692096,75.0,85.0,0.89650524,53.0,86.0,0.87625194,84.0,122.0,0.6331003,34.0,119.0,0.8367203,88.0,135.0,0.15748595,36.0,149.0,0.84936917,0,exp
exp/frame_000844.jpg,63.0,26.0,0.5139687,61.0,24.0,0.76020205,62.0,24.0,0.55079454,54.0,26.0,0.6885321,57.0,27.0,0.7225708,53.0,41.0,0.8074121,45.0,39.0,0.81947136,59.0,60.0,0.5166952,60.0,64.0,0.7424827,76.0,52.0,0.45352462,78.0,54.0,0.6146748,40.0,82.0,0.917433,28.0,81.0,0.58579695,59.0,112.0,0.77640533,45.0,119.0,0.8616556,33.0,145.0,0.6973023,23.0,156.0,0.77367765,0,exp
exp/frame_000845.jpg,66.0,29.0,0.39356375,67.0,25.0,0.58209,63.0,25.0,0.49459624,64.0,28.0,0.37806258,53.0,29.0,0.5403701,68.0,43.0,0.78016704,45.0,43.0,0.73563707,83.0,40.0,0.61664903,35.0,53.0,0.6534702,91.0,36.0,0.54985744,47.0,36.0,0.51963437,57.0,85.0,0.9177103,37.0,85.0,0.77257127,66.0,121.0,0.7093941,39.0,125.0,0.71602046,68.0,158.0,0.8860472,15.0,134.0,0.6634722,0,exp
exp/frame_00096.jpg,4.0,23.0,0.7656073,6.0,20.0,0.7978995,3.0,20.0,0.61882544,12.0,20.0,0.7656762,6.0,21.0,0.46761346,20.0,28.0,0.7615527,8.0,31.0,0.56417197,37.0,41.0,0.8480364,14.0,42.0,0.47212306,36.0,58.0,0.6793021,12.0,54.0,0.45797354,39.0,51.0,0.7864473,27.0,53.0,0.9040876,39.0,79.0,0.77343535,23.0,76.0,0.73350763,45.0,98.0,0.35403883,24.0,98.0,0.47743025,0,exp
exp/frame_000962.jpg,46.0,38.0,0.58846295,45.0,35.0,0.8262917,44.0,35.0,0.7284774,39.0,36.0,0.56312823,36.0,38.0,0.7576868,46.0,45.0,0.6466311,22.0,47.0,0.8740914,56.0,45.0,0.70551753,3.0,47.0,0.5666975,53.0,41.0,0.5372392,3.0,47.0,0.20441912,48.0,79.0,0.92444843,33.0,81.0,0.8456803,69.0,103.0,0.8212991,38.0,115.0,0.89850944,74.0,138.0,0.714989,15.0,144.0,0.75611174,0,exp
exp/frame_000963.jpg,54.0,12.0,0.3291482,55.0,8.0,0.31882077,52.0,10.0,0.37170762,46.0,13.0,0.28521127,43.0,14.0,0.5076776,32.0,27.0,0.82770854,40.0,31.0,0.65830827,39.0,47.0,0.32436097,53.0,60.0,0.7397219,49.0,43.0,0.38248208,73.0,46.0,0.37489384,23.0,76.0,0.78168464,31.0,78.0,0.88004243,36.0,113.0,0.72252524,58.0,102.0,0.9103749,13.0,136.0,0.86460364,65.0,147.0,0.8757248,0,exp
exp/frame_000964.jpg,73.0,21.0,0.5171288,70.0,18.0,0.6835768,71.0,18.0,0.5476651,63.0,20.0,0.82160425,64.0,20.0,0.803606,63.0,34.0,0.6091149,54.0,32.0,0.77127886,64.0,57.0,0.19988284,46.0,57.0,0.77212584,76.0,54.0,0.26853874,68.0,57.0,0.5629585,48.0,80.0,0.8692508,39.0,77.0,0.888641,51.0,114.0,0.64667743,39.0,116.0,0.887153,30.0,147.0,0.30390653,30.0,154.0,0.51257694,0,exp
exp/frame_000965.jpg,69.0,30.0,0.59267265,65.0,27.0,0.63649356,66.0,28.0,0.6559342,58.0,30.0,0.58075416,58.0,31.0,0.7097826,60.0,46.0,0.7487379,50.0,45.0,0.9412146,68.0,61.0,0.30265832,66.0,61.0,0.70976555,86.0,50.0,0.4533676,84.0,48.0,0.6331661,57.0,88.0,0.8831727,40.0,89.0,0.66400146,86.0,104.0,0.69280374,42.0,127.0,0.8984624,94.0,146.0,0.7354883,26.0,163.0,0.88224685,0,exp
exp/frame_00108.jpg,2.0,33.0,0.6406631,3.0,30.0,0.7555021,1.0,31.0,0.6624538,10.0,29.0,0.6390722,5.0,30.0,0.7049736,20.0,37.0,0.73883164,7.0,40.0,0.5504916,38.0,52.0,0.67149544,15.0,52.0,0.6363301,37.0,69.0,0.72558427,12.0,61.0,0.431346,39.0,60.0,0.7889507,28.0,63.0,0.8079332,38.0,89.0,0.8367406,25.0,86.0,0.6520355,45.0,113.0,0.49843225,25.0,112.0,0.62318784,0,exp
exp/frame_001082.jpg,82.0,10.0,0.48425147,82.0,7.0,0.44498637,81.0,8.0,0.35923332,73.0,7.0,0.48705167,71.0,7.0,0.45062006,67.0,23.0,0.7501465,67.0,26.0,0.6525787,77.0,46.0,0.42288026,83.0,50.0,0.76888907,83.0,44.0,0.27216086,87.0,47.0,0.20375282,54.0,62.0,0.7661322,53.0,64.0,0.74777883,79.0,86.0,0.2669708,82.0,99.0,0.66846514,44.0,117.0,0.66870475,66.0,138.0,0.7235718,0,exp
exp/frame_001083.jpg,65.0,18.0,0.57597417,61.0,16.0,0.6834471,61.0,16.0,0.69482297,54.0,22.0,0.7042538,54.0,22.0,0.68583477,48.0,40.0,0.842962,54.0,40.0,0.7602036,59.0,57.0,0.55316865,69.0,70.0,0.87838125,73.0,51.0,0.630164,88.0,80.0,0.7682588,34.0,85.0,0.8513721,35.0,86.0,0.84231675,57.0,116.0,0.47858956,61.0,113.0,0.6425409,58.0,155.0,0.28468058,55.0,163.0,0.66444093,0,exp
exp/frame_001084.jpg,87.0,24.0,0.6145098,84.0,21.0,0.4797522,85.0,21.0,0.6322137,76.0,23.0,0.6598196,77.0,23.0,0.7684428,77.0,40.0,0.71490675,67.0,34.0,0.7421604,73.0,66.0,0.41903812,46.0,46.0,0.6723286,92.0,63.0,0.25846276,61.0,47.0,0.14555341,44.0,78.0,0.7185794,41.0,75.0,0.831722,31.0,112.0,0.82518953,76.0,104.0,0.7580857,3.0,139.0,0.77686405,45.0,130.0,0.56996286,0,exp
exp/frame_001085.jpg,28.0,17.0,0.39704198,31.0,15.0,0.5513389,25.0,15.0,0.5389974,34.0,15.0,0.6907477,22.0,16.0,0.57828367,42.0,26.0,0.7860962,17.0,29.0,0.5886492,48.0,50.0,0.68434596,13.0,48.0,0.3485001,53.0,67.0,0.46239963,14.0,49.0,0.19507644,37.0,68.0,0.7053283,24.0,68.0,0.7297449,33.0,93.0,0.7263528,31.0,92.0,0.51580846,45.0,113.0,0.2975588,39.0,113.0,0.44139352,0,exp
exp/frame_001202.jpg,28.0,15.0,0.55630517,30.0,12.0,0.43356448,25.0,11.0,0.6169046,31.0,15.0,0.4756295,20.0,16.0,0.56667125,39.0,28.0,0.77095866,15.0,31.0,0.82360053,44.0,48.0,0.7454884,12.0,50.0,0.71094954,51.0,66.0,0.68377566,11.0,69.0,0.6388258,36.0,67.0,0.77603614,22.0,68.0,0.8476263,38.0,93.0,0.7965265,23.0,92.0,0.75544125,38.0,116.0,0.56281626,27.0,116.0,0.3470823,0,exp
exp/frame_001203.jpg,43.0,12.0,0.6066537,41.0,9.0,0.7028643,41.0,9.0,0.6370879,32.0,11.0,0.69567513,32.0,12.0,0.58937585,33.0,26.0,0.52083874,30.0,26.0,0.8447449,46.0,46.0,0.31780168,49.0,50.0,0.7188236,58.0,29.0,0.3349766,59.0,30.0,0.7800936,37.0,71.0,0.81684244,30.0,72.0,0.85019636,61.0,97.0,0.8976587,35.0,111.0,0.8865407,61.0,133.0,0.7303368,17.0,147.0,0.79125386,0,exp
exp/frame_001205.jpg,4.0,39.0,0.7914113,6.0,36.0,0.75941634,3.0,37.0,0.69840515,12.0,36.0,0.7505455,4.0,37.0,0.63862187,20.0,45.0,0.89367765,10.0,46.0,0.59565634,39.0,59.0,0.6689841,17.0,57.0,0.49351957,38.0,76.0,0.6471093,14.0,65.0,0.57820755,40.0,67.0,0.5544138,29.0,69.0,0.7320012,37.0,96.0,0.8640666,25.0,91.0,0.8439948,45.0,111.0,0.53299564,27.0,110.0,0.7510028,0,exp
exp/frame_001206.jpg,78.0,33.0,0.40062603,75.0,30.0,0.5953639,76.0,30.0,0.59398556,67.0,34.0,0.5055537,70.0,34.0,0.51907486,58.0,50.0,0.7754221,71.0,55.0,0.82978624,63.0,81.0,0.4749381,70.0,84.0,0.89729744,76.0,103.0,0.25205702,86.0,106.0,0.6920682,42.0,95.0,0.8439168,54.0,97.0,0.83675885,53.0,135.0,0.5418576,72.0,138.0,0.8599845,11.0,158.0,0.7267269,51.0,178.0,0.78199416,0,exp
exp/frame_00132.jpg,48.0,22.0,0.417364,48.0,19.0,0.5041405,46.0,19.0,0.50371367,42.0,18.0,0.39298975,37.0,18.0,0.4521194,47.0,32.0,0.64852166,27.0,31.0,0.7456329,62.0,34.0,0.17251433,29.0,38.0,0.26853746,65.0,17.0,0.47382414,43.0,26.0,0.13210121,37.0,76.0,0.84254384,23.0,77.0,0.92060286,53.0,110.0,0.842093,38.0,114.0,0.8156997,49.0,146.0,0.8180463,26.0,156.0,0.86325645,0,exp
exp/frame_001322.jpg,4.0,41.0,0.84460974,6.0,38.0,0.80107,2.0,39.0,0.6807412,12.0,39.0,0.8212862,2.0,40.0,0.76335967,20.0,47.0,0.759186,5.0,49.0,0.67391795,40.0,60.0,0.62530035,13.0,59.0,0.46907327,39.0,72.0,0.12261911,16.0,65.0,0.1897012,35.0,70.0,0.7648554,25.0,72.0,0.77394325,37.0,99.0,0.76495105,24.0,96.0,0.6985667,46.0,116.0,0.6219053,26.0,116.0,0.4715202,0,exp
exp/frame_001323.jpg,66.0,57.0,0.57484686,65.0,53.0,0.56512463,66.0,53.0,0.5420089,57.0,52.0,0.48344216,61.0,51.0,0.6029899,41.0,62.0,0.5271661,66.0,68.0,0.5232682,39.0,79.0,0.17669968,66.0,86.0,0.1906464,59.0,87.0,0.117972285,86.0,105.0,0.4377956,28.0,108.0,0.58038795,42.0,111.0,0.81695306,28.0,143.0,0.2098951,76.0,141.0,0.70520425,16.0,157.0,0.1624276,43.0,160.0,0.39471945,0,exp
exp/frame_001324.jpg,96.0,34.0,0.6130868,93.0,30.0,0.6775352,94.0,31.0,0.4689495,84.0,33.0,0.6944262,85.0,34.0,0.7705262,72.0,46.0,0.9238695,84.0,52.0,0.9127331,88.0,30.0,0.2868575,78.0,82.0,0.9167577,102.0,17.0,0.5995842,95.0,98.0,0.8700423,61.0,94.0,0.8820537,72.0,97.0,0.9172059,45.0,139.0,0.711359,96.0,132.0,0.8310628,11.0,175.0,0.76155275,113.0,176.0,0.69356793,0,exp
exp/frame_00144.jpg,12.0,22.0,0.29232395,14.0,19.0,0.32312924,11.0,19.0,0.3044191,21.0,14.0,0.17950414,9.0,18.0,0.2470635,27.0,22.0,0.23935285,4.0,27.0,0.43944016,32.0,38.0,0.15466093,12.0,46.0,0.32442713,38.0,52.0,0.24363989,25.0,55.0,0.30072692,35.0,66.0,0.27704436,16.0,69.0,0.27442786,30.0,92.0,0.11253375,22.0,91.0,0.13927007,34.0,129.0,0.16773377,18.0,131.0,0.12302512,0,exp
exp/frame_001442.jpg,56.0,63.0,0.61568266,59.0,59.0,0.6345143,57.0,59.0,0.58154047,69.0,59.0,0.6938032,66.0,58.0,0.5144768,84.0,74.0,0.82119524,59.0,77.0,0.6697724,84.0,100.0,0.20493478,57.0,99.0,0.48957244,81.0,107.0,0.31296173,50.0,111.0,0.49021345,81.0,124.0,0.6811875,65.0,123.0,0.75375605,69.0,159.0,0.12577419,40.0,138.0,0.4720729,77.0,180.0,0.2544284,49.0,176.0,0.3212487,0,exp
exp/frame_001443.jpg,34.0,19.0,0.47422317,33.0,15.0,0.4973102,30.0,15.0,0.49715036,26.0,17.0,0.5252826,19.0,18.0,0.5586514,28.0,32.0,0.68060565,6.0,34.0,0.6095393,29.0,22.0,0.23054565,3.0,57.0,0.20425299,34.0,7.0,0.19001308,5.0,59.0,0.6229437,24.0,74.0,0.90762264,11.0,75.0,0.91436064,43.0,102.0,0.77530444,31.0,111.0,0.89538574,48.0,137.0,0.84611166,20.0,152.0,0.827113,0,exp
exp/frame_001444.jpg,16.0,28.0,0.568156,18.0,26.0,0.41274983,14.0,26.0,0.62599945,21.0,26.0,0.53812766,11.0,27.0,0.6623289,29.0,34.0,0.7649561,9.0,35.0,0.738104,46.0,47.0,0.77944404,13.0,49.0,0.61818206,50.0,56.0,0.2272032,16.0,50.0,0.4612171,37.0,59.0,0.90517247,23.0,59.0,0.79833496,43.0,86.0,0.8720254,14.0,81.0,0.74489295,53.0,103.0,0.5733158,27.0,100.0,0.8541504,0,exp
exp/frame_001562.jpg,32.0,4.0,0.49648458,34.0,2.0,0.4644271,30.0,2.0,0.51261526,33.0,2.0,0.5973733,23.0,3.0,0.57325566,36.0,15.0,0.7632973,18.0,16.0,0.66685224,37.0,32.0,0.342186,11.0,31.0,0.5388037,39.0,44.0,0.27427214,8.0,37.0,0.35446852,35.0,52.0,0.84210837,22.0,53.0,0.7840957,40.0,78.0,0.78811675,28.0,80.0,0.7397584,37.0,106.0,0.5078376,34.0,103.0,0.40041628,0,exp
exp/frame_001563.jpg,15.0,69.0,0.71453726,18.0,66.0,0.7087375,14.0,66.0,0.69426125,23.0,65.0,0.7638485,13.0,67.0,0.6602212,31.0,74.0,0.80289894,11.0,74.0,0.7438958,41.0,93.0,0.7241503,10.0,88.0,0.42031068,31.0,109.0,0.6024066,8.0,92.0,0.26397905,39.0,93.0,0.82232845,23.0,93.0,0.8724866,45.0,119.0,0.74283254,9.0,112.0,0.5806245,54.0,130.0,0.5420184,3.0,132.0,0.49711755,0,exp
exp/frame_001564.jpg,36.0,1.0,0.2505667,37.0,0.0,0.24004507,36.0,0.0,0.23478548,15.0,0.0,0.35904443,19.0,0.0,0.31995448,19.0,8.0,0.7988062,19.0,10.0,0.76065755,45.0,20.0,0.41191703,47.0,25.0,0.7748947,62.0,10.0,0.54061735,63.0,11.0,0.47605023,18.0,55.0,0.7928856,16.0,56.0,0.8737195,39.0,86.0,0.54584527,39.0,90.0,0.80685514,48.0,121.0,0.6323128,25.0,133.0,0.84690523,0,exp
exp/frame_001566.jpg,82.0,31.0,0.6463251,80.0,28.0,0.637056,80.0,28.0,0.6616659,73.0,32.0,0.5042323,73.0,31.0,0.60341215,55.0,39.0,0.74196935,74.0,48.0,0.7458058,44.0,42.0,0.58735335,82.0,71.0,0.70331657,53.0,30.0,0.43031266,103.0,76.0,0.7071618,42.0,94.0,0.9220131,55.0,97.0,0.92128086,43.0,127.0,0.6624472,67.0,137.0,0.89356345,6.0,156.0,0.8917416,42.0,177.0,0.8338845,0,exp
exp/frame_001683.jpg,59.0,25.0,0.36373278,58.0,22.0,0.4836873,60.0,23.0,0.51247185,51.0,21.0,0.4860564,56.0,22.0,0.58967876,36.0,30.0,0.70166314,52.0,36.0,0.7631333,35.0,53.0,0.28363568,53.0,62.0,0.7092766,54.0,52.0,0.23425163,58.0,55.0,0.41399288,29.0,74.0,0.7887277,40.0,76.0,0.8199659,35.0,109.0,0.62939095,51.0,110.0,0.81838787,38.0,150.0,0.4910885,35.0,152.0,0.3534039,0,exp
exp/frame_001684.jpg,58.0,51.0,0.34573197,56.0,48.0,0.5162382,59.0,48.0,0.5229418,52.0,50.0,0.41962448,59.0,50.0,0.49119112,43.0,70.0,0.6165486,67.0,66.0,0.46205434,37.0,91.0,0.24643028,65.0,90.0,0.16066056,42.0,98.0,0.15934844,58.0,94.0,0.11393201,46.0,112.0,0.7454128,59.0,111.0,0.6499133,39.0,130.0,0.3665564,62.0,131.0,0.3082987,39.0,158.0,0.1965039,59.0,150.0,0.15415028,0,exp
exp/frame_001685.jpg,82.0,36.0,0.51668346,79.0,33.0,0.48996204,82.0,33.0,0.59593916,72.0,37.0,0.6203339,82.0,36.0,0.6844606,62.0,50.0,0.8213537,85.0,53.0,0.8929276,51.0,56.0,0.47090495,85.0,80.0,0.92652744,52.0,52.0,0.23989211,109.0,97.0,0.71730924,58.0,93.0,0.8794091,74.0,96.0,0.8511328,44.0,126.0,0.67414963,82.0,135.0,0.8493295,75.0,173.0,0.38323513,75.0,173.0,0.32086235,0,exp
exp/frame_001686.jpg,51.0,51.0,0.53601646,50.0,47.0,0.5966637,54.0,48.0,0.4827966,50.0,50.0,0.7727896,60.0,50.0,0.71067864,51.0,62.0,0.86804104,65.0,60.0,0.83446366,51.0,86.0,0.32587856,47.0,47.0,0.5271649,52.0,101.0,0.4802579,30.0,35.0,0.6089173,58.0,109.0,0.7119609,68.0,109.0,0.7789711,21.0,132.0,0.84811467,74.0,147.0,0.8377708,43.0,166.0,0.9017784,96.0,178.0,0.80062556,0,exp
exp/frame_00180.jpg,24.0,12.0,0.40171063,28.0,9.0,0.51970565,23.0,11.0,0.4472979,32.0,12.0,0.42248714,20.0,13.0,0.4335572,36.0,26.0,0.65477276,11.0,30.0,0.5334406,38.0,51.0,0.3496165,10.0,60.0,0.34328738,37.0,56.0,0.2908551,10.0,52.0,0.26624086,33.0,68.0,0.8915603,17.0,70.0,0.7934958,42.0,96.0,0.4979538,15.0,98.0,0.54700935,51.0,107.0,0.22162883,10.0,109.0,0.17720427,0,exp
exp/frame_001802.jpg,37.0,61.0,0.6258538,34.0,58.0,0.6869155,39.0,57.0,0.6616905,30.0,61.0,0.6548234,43.0,61.0,0.5727744,25.0,79.0,0.80241305,56.0,77.0,0.8639736,3.0,70.0,0.74223065,71.0,96.0,0.8645351,4.0,68.0,0.13735372,56.0,112.0,0.7908472,28.0,125.0,0.8774776,48.0,125.0,0.92358893,24.0,164.0,0.88066787,48.0,165.0,0.70416486,22.0,195.0,0.45478603,47.0,193.0,0.417784,0,exp
exp/frame_001803.jpg,35.0,39.0,0.29957378,39.0,35.0,0.304695,34.0,36.0,0.36132136,47.0,36.0,0.24270476,34.0,36.0,0.31000298,55.0,51.0,0.17214617,28.0,49.0,0.4015975,52.0,72.0,0.1425441,28.0,65.0,0.26311877,48.0,84.0,0.123151176,19.0,69.0,0.18419345,47.0,87.0,0.6500169,34.0,86.0,0.6915833,44.0,109.0,0.48050502,24.0,109.0,0.57130504,63.0,129.0,0.6137451,33.0,129.0,0.60205555,0,exp
exp/frame_001804.jpg,40.0,47.0,0.5630568,39.0,43.0,0.7030009,41.0,43.0,0.5875068,43.0,46.0,0.7494072,48.0,44.0,0.6580256,42.0,60.0,0.89369196,62.0,53.0,0.86008716,33.0,82.0,0.81904167,79.0,56.0,0.8569345,19.0,90.0,0.72314394,65.0,58.0,0.33955026,64.0,97.0,0.8438451,69.0,94.0,0.8504924,51.0,131.0,0.8782992,43.0,121.0,0.68397737,65.0,164.0,0.73544914,60.0,139.0,0.38433486,0,exp
exp/frame_001922.jpg,40.0,50.0,0.65656066,37.0,47.0,0.6391601,43.0,46.0,0.5145151,34.0,50.0,0.76841486,46.0,49.0,0.69481456,29.0,68.0,0.80690086,59.0,65.0,0.84562624,4.0,59.0,0.8026293,74.0,83.0,0.8727229,2.0,33.0,0.5720022,61.0,98.0,0.84242547,35.0,110.0,0.74670535,53.0,111.0,0.84765863,22.0,151.0,0.6877614,56.0,150.0,0.8566569,14.0,180.0,0.19668262,64.0,185.0,0.42428946,0,exp
exp/frame_001924.jpg,39.0,28.0,0.3665537,40.0,23.0,0.499348,40.0,23.0,0.47663933,41.0,25.0,0.43373764,45.0,24.0,0.3124181,39.0,41.0,0.53111136,58.0,41.0,0.6781558,33.0,65.0,0.49164155,61.0,64.0,0.4564351,27.0,68.0,0.42197642,54.0,74.0,0.22856158,43.0,83.0,0.79999304,57.0,83.0,0.79319656,29.0,112.0,0.84270424,61.0,113.0,0.70056665,27.0,143.0,0.72804725,71.0,137.0,0.63890845,0,exp
exp/frame_001925.jpg,31.0,31.0,0.5711789,30.0,29.0,0.6167096,32.0,28.0,0.42152682,32.0,30.0,0.7334355,39.0,29.0,0.57169056,30.0,42.0,0.87495494,52.0,38.0,0.79989445,26.0,64.0,0.84014624,66.0,46.0,0.6528765,18.0,75.0,0.752689,62.0,43.0,0.3952409,41.0,80.0,0.90930134,52.0,79.0,0.8522994,34.0,112.0,0.79193807,35.0,107.0,0.69796085,60.0,131.0,0.8463697,32.0,140.0,0.824726,0,exp
exp/frame_001926.jpg,76.0,41.0,0.63656104,74.0,38.0,0.5881803,76.0,38.0,0.70719767,67.0,38.0,0.77323043,72.0,39.0,0.6566402,54.0,47.0,0.8510625,77.0,51.0,0.8317125,60.0,63.0,0.39973602,86.0,72.0,0.6372087,79.0,58.0,0.49358654,96.0,58.0,0.7082825,42.0,86.0,0.87656665,55.0,90.0,0.7881712,35.0,114.0,0.59229875,45.0,115.0,0.6167183,30.0,135.0,0.27688512,42.0,134.0,0.26712713,0,exp
exp/frame_002042.jpg,37.0,30.0,0.5013814,39.0,27.0,0.45898864,34.0,28.0,0.5204797,42.0,29.0,0.6846745,32.0,31.0,0.59985733,50.0,39.0,0.8494329,32.0,44.0,0.7131727,64.0,50.0,0.6062006,29.0,58.0,0.38658637,64.0,54.0,0.52726185,31.0,65.0,0.29628935,54.0,74.0,0.8777036,41.0,77.0,0.8428736,57.0,99.0,0.78558075,36.0,101.0,0.4688286,69.0,119.0,0.7435033,33.0,132.0,0.53245723,0,exp
exp/frame_002043.jpg,32.0,29.0,0.19986469,32.0,28.0,0.27311927,30.0,25.0,0.24571413,39.0,26.0,0.14272326,28.0,26.0,0.23846123,45.0,35.0,0.1921392,26.0,35.0,0.1322219,51.0,51.0,0.109624766,22.0,59.0,0.20461588,48.0,50.0,0.12236089,10.0,63.0,0.29556975,46.0,78.0,0.33633024,41.0,78.0,0.45506495,34.0,95.0,0.12587436,45.0,99.0,0.17423111,45.0,127.0,0.26954502,44.0,118.0,0.34951997,0,exp
exp/frame_002044.jpg,55.0,53.0,0.4587652,56.0,50.0,0.4852607,54.0,50.0,0.5208614,55.0,51.0,0.5158484,50.0,52.0,0.6402211,60.0,64.0,0.73357224,40.0,61.0,0.7565626,61.0,83.0,0.49754176,36.0,77.0,0.6079577,66.0,87.0,0.2964868,36.0,89.0,0.304982,50.0,98.0,0.7863921,37.0,95.0,0.75167,47.0,122.0,0.68647146,37.0,121.0,0.7164758,34.0,139.0,0.27693322,22.0,138.0,0.56969494,0,exp
exp/frame_002162.jpg,9.0,36.0,0.47606388,9.0,34.0,0.43453425,9.0,34.0,0.47324237,16.0,33.0,0.45328927,15.0,33.0,0.39333895,23.0,46.0,0.65327555,22.0,46.0,0.56833065,28.0,71.0,0.5800528,25.0,69.0,0.41189995,16.0,85.0,0.41142884,14.0,82.0,0.53110725,30.0,84.0,0.8744888,29.0,83.0,0.76310784,14.0,113.0,0.73221457,27.0,116.0,0.6707175,18.0,148.0,0.64694214,33.0,146.0,0.5458121,0,exp
exp/frame_002163.jpg,38.0,67.0,0.45220006,36.0,64.0,0.48113412,39.0,65.0,0.55975974,30.0,66.0,0.5819566,39.0,66.0,0.68425274,20.0,79.0,0.7569233,42.0,82.0,0.7735493,13.0,97.0,0.42560494,43.0,106.0,0.7012235,22.0,107.0,0.22190753,35.0,112.0,0.2140165,19.0,122.0,0.41927353,31.0,123.0,0.5434906,19.0,141.0,0.28943,39.0,142.0,0.26034278,6.0,153.0,0.36037356,45.0,155.0,0.3856835,0,exp
exp/frame_002164.jpg,18.0,47.0,0.58878535,19.0,45.0,0.52714604,19.0,45.0,0.60964334,26.0,45.0,0.71828914,25.0,45.0,0.5226034,30.0,58.0,0.77009785,31.0,57.0,0.69261783,32.0,81.0,0.76763105,31.0,81.0,0.66556114,26.0,97.0,0.63838065,26.0,96.0,0.34575626,36.0,89.0,0.85899,35.0,89.0,0.69033515,34.0,116.0,0.509778,28.0,112.0,0.5477584,48.0,141.0,0.7611149,29.0,137.0,0.5501826,0,exp
exp/frame_002165.jpg,25.0,40.0,0.47301656,27.0,37.0,0.5569414,25.0,37.0,0.586308,32.0,39.0,0.5128381,32.0,39.0,0.43383905,34.0,52.0,0.54455197,38.0,51.0,0.574913,30.0,77.0,0.26860267,39.0,69.0,0.22478868,27.0,78.0,0.30843982,28.0,74.0,0.18036789,32.0,93.0,0.714149,33.0,93.0,0.54599524,29.0,118.0,0.68032515,31.0,116.0,0.39911756,31.0,142.0,0.31204417,30.0,143.0,0.25291523,0,exp
exp/frame_002166.jpg,30.0,36.0,0.71235853,31.0,34.0,0.73528147,32.0,34.0,0.6031525,35.0,35.0,0.81144416,38.0,34.0,0.7207073,33.0,46.0,0.8748166,50.0,41.0,0.723017,16.0,60.0,0.7583389,56.0,53.0,0.31974465,0.0,61.0,0.5552615,45.0,61.0,0.19936478,50.0,75.0,0.7692587,62.0,74.0,0.67736036,24.0,82.0,0.7206012,44.0,79.0,0.45747325,24.0,111.0,0.8470317,48.0,100.0,0.67027414,0,exp
exp/frame_002167.jpg,14.0,57.0,0.6489787,16.0,55.0,0.7072885,14.0,55.0,0.76985526,22.0,55.0,0.78165776,18.0,55.0,0.510605,29.0,64.0,0.9046943,19.0,64.0,0.7243104,32.0,82.0,0.76378477,19.0,73.0,0.11131683,18.0,91.0,0.71850157,3.0,62.0,0.37816754,40.0,86.0,0.6753719,30.0,87.0,0.75222313,41.0,114.0,0.9189976,18.0,105.0,0.7528716,57.0,127.0,0.66878736,8.0,126.0,0.60589457,0,exp
exp/frame_00228.jpg,36.0,35.0,0.53988713,33.0,31.0,0.6682335,39.0,30.0,0.7216825,29.0,36.0,0.6150656,43.0,35.0,0.6604744,20.0,56.0,0.7759727,54.0,52.0,0.9181782,18.0,84.0,0.6634923,71.0,74.0,0.7954569,17.0,106.0,0.604643,61.0,86.0,0.7859299,32.0,95.0,0.89134675,49.0,95.0,0.81168413,26.0,135.0,0.70603454,49.0,132.0,0.74521804,24.0,158.0,0.6209681,50.0,157.0,0.50560606,0,exp
exp/frame_002282.jpg,21.0,21.0,0.19736154,23.0,18.0,0.26936314,21.0,18.0,0.2890871,26.0,20.0,0.19437873,25.0,20.0,0.19633923,29.0,35.0,0.36813214,32.0,34.0,0.28790632,26.0,55.0,0.121446244,24.0,53.0,0.19707319,22.0,63.0,0.3513426,21.0,62.0,0.29495138,24.0,68.0,0.4423502,26.0,68.0,0.40678447,23.0,97.0,0.40988326,33.0,99.0,0.36704078,30.0,129.0,0.24775144,27.0,130.0,0.22718343,0,exp
exp/frame_002283.jpg,9.0,19.0,0.5301993,12.0,16.0,0.70835185,10.0,16.0,0.6574166,20.0,17.0,0.58526015,16.0,17.0,0.4654205,38.0,49.0,0.19436266,20.0,30.0,0.5118598,52.0,75.0,0.49642688,20.0,63.0,0.489684,57.0,93.0,0.5857456,16.0,77.0,0.40391108,38.0,83.0,0.75201094,27.0,80.0,0.63798654,37.0,112.0,0.49108496,18.0,100.0,0.6208211,56.0,131.0,0.1515437,19.0,128.0,0.8286787,0,exp
exp/frame_002284.jpg,49.0,48.0,0.503648,48.0,46.0,0.61750025,49.0,46.0,0.53183943,43.0,46.0,0.6540935,47.0,48.0,0.5908388,30.0,53.0,0.85203815,48.0,60.0,0.5967497,16.0,67.0,0.50558805,48.0,83.0,0.49134183,23.0,71.0,0.43808064,46.0,71.0,0.460258,26.0,91.0,0.5406414,34.0,92.0,0.6492151,47.0,107.0,0.22454223,56.0,112.0,0.78911006,42.0,129.0,0.44313583,32.0,131.0,0.33124748,0,exp
exp/frame_002285.jpg,6.0,52.0,0.556684,7.0,49.0,0.4633069,7.0,49.0,0.498056,13.0,50.0,0.5456316,13.0,50.0,0.44876614,19.0,64.0,0.55706215,20.0,63.0,0.63588476,22.0,88.0,0.7215501,21.0,87.0,0.39007273,15.0,104.0,0.5987743,15.0,102.0,0.33267358,29.0,95.0,0.8248769,27.0,95.0,0.70403945,18.0,120.0,0.7136783,13.0,116.0,0.61971724,27.0,147.0,0.77363724,18.0,146.0,0.48177847,0,exp
exp/frame_002286.jpg,23.0,41.0,0.6121886,22.0,38.0,0.66441476,23.0,38.0,0.56847566,27.0,39.0,0.6713686,29.0,37.0,0.65761065,32.0,52.0,0.6925261,41.0,43.0,0.82931304,30.0,71.0,0.5660483,41.0,63.0,0.22798195,12.0,80.0,0.5600654,32.0,69.0,0.16562575,53.0,78.0,0.5964955,55.0,74.0,0.6984846,22.0,83.0,0.6989199,22.0,81.0,0.7071551,31.0,111.0,0.79000735,33.0,106.0,0.7851174,0,exp
exp/frame_002287.jpg,8.0,32.0,0.517574,10.0,30.0,0.5974817,8.0,30.0,0.6156634,16.0,30.0,0.6914116,12.0,30.0,0.54462314,24.0,40.0,0.8246043,13.0,40.0,0.8418895,29.0,58.0,0.40971175,15.0,53.0,0.64117295,19.0,71.0,0.44997492,11.0,62.0,0.56415176,38.0,60.0,0.86284846,28.0,61.0,0.8431127,29.0,87.0,0.42864534,13.0,79.0,0.5586164,41.0,94.0,0.16801636,13.0,98.0,0.39833528,0,exp
exp/frame_002402.jpg,34.0,34.0,0.5376677,31.0,31.0,0.6696607,37.0,30.0,0.7472646,27.0,35.0,0.59922236,41.0,34.0,0.78885627,19.0,57.0,0.88416785,54.0,52.0,0.9031011,19.0,83.0,0.7581062,67.0,75.0,0.87617373,16.0,107.0,0.76611185,61.0,90.0,0.6559732,28.0,97.0,0.8684164,47.0,98.0,0.8436916,10.0,136.0,0.6828661,59.0,135.0,0.82757133,4.0,156.0,0.1620983,65.0,156.0,0.22524196,0,exp
exp/frame_002403.jpg,7.0,53.0,0.60129726,9.0,50.0,0.7113851,8.0,50.0,0.7840673,15.0,50.0,0.5282752,14.0,50.0,0.5877174,17.0,63.0,0.7805335,22.0,62.0,0.5444253,20.0,86.0,0.66700697,27.0,83.0,0.34656593,9.0,93.0,0.5136519,14.0,92.0,0.22506031,25.0,94.0,0.73777676,30.0,92.0,0.70067227,13.0,120.0,0.72931397,20.0,117.0,0.4759157,21.0,146.0,0.82181627,27.0,140.0,0.37713483,0,exp
exp/frame_002404.jpg,20.0,24.0,0.14873418,23.0,20.0,0.1883475,20.0,20.0,0.12476339,28.0,21.0,0.1786571,27.0,21.0,0.14586593,35.0,42.0,0.26089895,34.0,41.0,0.26862785,32.0,67.0,0.2910975,30.0,65.0,0.3715652,22.0,74.0,0.260545,22.0,73.0,0.18600355,35.0,84.0,0.6504915,37.0,85.0,0.5830691,19.0,117.0,0.5869165,42.0,123.0,0.36344835,3.0,136.0,0.22830573,45.0,144.0,0.17170665,0,exp
exp/frame_002405.jpg,5.0,38.0,0.71198297,7.0,36.0,0.6061604,4.0,36.0,0.67991745,12.0,35.0,0.5218615,7.0,36.0,0.68341124,21.0,44.0,0.77624834,10.0,46.0,0.85400134,32.0,61.0,0.6358707,10.0,57.0,0.7744902,27.0,75.0,0.208582,1.0,64.0,0.75409794,40.0,63.0,0.64922005,30.0,65.0,0.6554296,27.0,88.0,0.62334836,21.0,86.0,0.70926,35.0,108.0,0.22839577,30.0,99.0,0.21315269,0,exp
exp/frame_002406.jpg,57.0,37.0,0.59429157,56.0,34.0,0.6125737,57.0,35.0,0.60537845,50.0,35.0,0.5689906,53.0,37.0,0.6533284,34.0,46.0,0.8013472,56.0,53.0,0.8460554,21.0,62.0,0.41765696,51.0,79.0,0.6915513,26.0,66.0,0.3221146,50.0,77.0,0.16374497,28.0,83.0,0.81667167,37.0,84.0,0.6443816,39.0,105.0,0.6117002,57.0,108.0,0.64509094,31.0,130.0,0.6557943,47.0,141.0,0.6329028,0,exp
exp/frame_002407.jpg,13.0,41.0,0.59990114,14.0,38.0,0.61984885,14.0,39.0,0.46903032,21.0,39.0,0.75332963,20.0,39.0,0.5243869,33.0,51.0,0.65872145,27.0,48.0,0.54609394,44.0,69.0,0.82792616,35.0,64.0,0.28979394,36.0,85.0,0.3723139,34.0,79.0,0.305774,58.0,66.0,0.7858785,48.0,65.0,0.66612786,40.0,92.0,0.71196485,30.0,86.0,0.50985384,39.0,116.0,0.5952881,29.0,111.0,0.46019223,0,exp
exp/frame_00252.jpg,24.0,35.0,0.39296725,25.0,32.0,0.48636246,24.0,31.0,0.43297952,32.0,32.0,0.5231787,33.0,31.0,0.37382382,37.0,45.0,0.5050969,46.0,43.0,0.58540785,33.0,65.0,0.45837444,38.0,63.0,0.35387242,21.0,80.0,0.51856977,26.0,78.0,0.17476913,36.0,83.0,0.7211234,44.0,82.0,0.578151,22.0,116.0,0.37395716,47.0,117.0,0.48564407,17.0,140.0,0.243821,17.0,141.0,0.20400283,0,exp
exp/frame_002523.jpg,38.0,33.0,0.5193198,40.0,30.0,0.48622447,36.0,30.0,0.6750151,44.0,30.0,0.57879704,36.0,31.0,0.5999688,51.0,42.0,0.70823646,32.0,41.0,0.83231163,65.0,57.0,0.7147443,27.0,58.0,0.5258938,59.0,72.0,0.7052467,26.0,62.0,0.27109778,42.0,81.0,0.785091,29.0,81.0,0.84539324,26.0,113.0,0.51502734,25.0,112.0,0.35405937,24.0,146.0,0.7062217,30.0,138.0,0.43209147,0,exp
exp/frame_002524.jpg,18.0,12.0,0.6053958,20.0,8.0,0.8112177,19.0,9.0,0.6734226,28.0,8.0,0.7279906,26.0,8.0,0.4065817,36.0,21.0,0.65101105,31.0,23.0,0.636696,55.0,40.0,0.9164432,35.0,44.0,0.6752531,44.0,60.0,0.57015115,34.0,56.0,0.33444613,49.0,63.0,0.8968982,38.0,64.0,0.8670342,55.0,99.0,0.8994688,30.0,93.0,0.81089276,68.0,129.0,0.8087195,30.0,124.0,0.79099107,0,exp
exp/frame_002525.jpg,63.0,41.0,0.5186579,63.0,38.0,0.4237119,63.0,39.0,0.56085217,57.0,37.0,0.6312803,59.0,38.0,0.58381045,42.0,41.0,0.8160434,56.0,50.0,0.8347038,36.0,59.0,0.37684855,47.0,71.0,0.64958686,42.0,72.0,0.21626234,53.0,83.0,0.36127174,22.0,71.0,0.8681618,32.0,75.0,0.6036589,29.0,97.0,0.6875515,50.0,101.0,0.8475167,18.0,121.0,0.71122706,48.0,132.0,0.43192598,0,exp
exp/frame_002526.jpg,13.0,45.0,0.70490724,15.0,43.0,0.8096545,13.0,43.0,0.60670716,22.0,43.0,0.5272827,18.0,43.0,0.6461942,32.0,53.0,0.7081948,18.0,53.0,0.6351022,47.0,70.0,0.52794087,21.0,65.0,0.6825805,47.0,89.0,0.7227435,14.0,77.0,0.757629,45.0,74.0,0.76105297,36.0,75.0,0.69807535,38.0,100.0,0.44683963,30.0,97.0,0.7449499,40.0,118.0,0.7016808,35.0,116.0,0.7275483,0,exp
exp/frame_002527.jpg,23.0,52.0,0.63105273,25.0,49.0,0.67330205,24.0,49.0,0.70186174,32.0,49.0,0.78541315,30.0,49.0,0.75979984,42.0,57.0,0.6404452,26.0,58.0,0.7602465,56.0,76.0,0.678636,15.0,70.0,0.63140166,45.0,92.0,0.5970903,3.0,78.0,0.70732105,65.0,80.0,0.9107351,52.0,81.0,0.8699927,61.0,114.0,0.6646644,37.0,99.0,0.8188799,90.0,134.0,0.7916037,51.0,122.0,0.8010177,0,exp
exp/frame_00264.jpg,40.0,34.0,0.40185615,41.0,31.0,0.5750633,40.0,31.0,0.5767027,48.0,30.0,0.5149088,48.0,29.0,0.2866541,51.0,43.0,0.57662976,59.0,41.0,0.39553297,49.0,66.0,0.4976534,56.0,64.0,0.34040478,35.0,81.0,0.49434096,44.0,76.0,0.1593837,48.0,81.0,0.73454845,53.0,81.0,0.5646059,44.0,113.0,0.41616613,50.0,112.0,0.50333387,46.0,142.0,0.32295316,52.0,140.0,0.36176392,0,exp
exp/frame_002642.jpg,71.0,32.0,0.5980725,70.0,29.0,0.7008515,69.0,29.0,0.68418574,63.0,30.0,0.65538883,62.0,31.0,0.75899374,54.0,41.0,0.76109135,51.0,41.0,0.821937,47.0,60.0,0.6277396,45.0,62.0,0.8724952,61.0,66.0,0.5027355,61.0,68.0,0.52706015,29.0,61.0,0.5776255,25.0,60.0,0.6727376,25.0,83.0,0.75800943,50.0,85.0,0.68796855,5.0,99.0,0.82014346,42.0,107.0,0.30809963,0,exp
exp/frame_002643.jpg,20.0,40.0,0.4283541,22.0,37.0,0.6345173,20.0,37.0,0.51599336,29.0,37.0,0.7353717,24.0,37.0,0.37881392,38.0,46.0,0.825156,21.0,50.0,0.6145933,50.0,62.0,0.8890104,26.0,65.0,0.4543496,45.0,78.0,0.60902023,18.0,77.0,0.2816604,36.0,83.0,0.82396257,28.0,84.0,0.7194232,23.0,114.0,0.5353596,42.0,106.0,0.5396707,34.0,141.0,0.3946229,53.0,130.0,0.46106207,0,exp
exp/frame_002644.jpg,41.0,35.0,0.6191835,38.0,31.0,0.69024146,44.0,30.0,0.74613774,33.0,35.0,0.8182908,48.0,35.0,0.59454787,22.0,56.0,0.6811661,62.0,56.0,0.9037216,14.0,81.0,0.7845266,67.0,81.0,0.6861451,13.0,95.0,0.82872224,65.0,99.0,0.7479987,32.0,100.0,0.8467188,52.0,101.0,0.7204731,18.0,143.0,0.7609153,62.0,141.0,0.76051867,16.0,167.0,0.2806988,66.0,165.0,0.3202053,0,exp
exp/frame_002645.jpg,8.0,17.0,0.523854,9.0,12.0,0.5762081,8.0,12.0,0.52574444,19.0,11.0,0.51422894,18.0,12.0,0.6241103,33.0,24.0,0.6877407,21.0,26.0,0.80942047,54.0,44.0,0.9365033,28.0,47.0,0.7412873,48.0,67.0,0.36633363,17.0,62.0,0.7249418,45.0,69.0,0.80094266,33.0,70.0,0.83722824,46.0,101.0,0.7674389,33.0,99.0,0.81481296,62.0,138.0,0.8833599,42.0,130.0,0.76617503,0,exp
exp/frame_002646.jpg,11.0,44.0,0.6837273,13.0,42.0,0.69434273,11.0,42.0,0.79444146,20.0,42.0,0.5947834,17.0,42.0,0.5597724,30.0,51.0,0.82005334,19.0,50.0,0.6090257,45.0,69.0,0.62250566,29.0,66.0,0.5896573,45.0,88.0,0.6320691,33.0,80.0,0.19313961,45.0,71.0,0.51057565,33.0,72.0,0.83656937,37.0,100.0,0.35458896,23.0,93.0,0.86132514,41.0,111.0,0.2779835,32.0,111.0,0.23406807,0,exp
exp/frame_002647.jpg,21.0,58.0,0.56038594,22.0,55.0,0.60263467,19.0,55.0,0.7279247,28.0,51.0,0.78975344,23.0,52.0,0.55748004,43.0,54.0,0.7653001,24.0,60.0,0.74219227,58.0,71.0,0.8343243,15.0,67.0,0.78400433,48.0,84.0,0.6193078,3.0,75.0,0.5929389,64.0,77.0,0.7871653,49.0,80.0,0.814598,59.0,108.0,0.93989724,32.0,103.0,0.53821987,67.0,135.0,0.72846174,36.0,124.0,0.7014123,0,exp
exp/frame_00276.jpg,12.0,17.0,0.6810423,15.0,13.0,0.60625446,13.0,13.0,0.5548806,23.0,13.0,0.66615534,20.0,13.0,0.6558519,33.0,26.0,0.8075129,21.0,28.0,0.68237674,49.0,47.0,0.88691306,29.0,47.0,0.54916716,42.0,65.0,0.53906626,26.0,64.0,0.6371455,47.0,62.0,0.87968904,33.0,63.0,0.8562037,46.0,100.0,0.8012923,25.0,93.0,0.7734908,56.0,131.0,0.89366925,29.0,122.0,0.8185944,0,exp
exp/frame_002763.jpg,58.0,11.0,0.5501483,63.0,7.0,0.5154351,61.0,7.0,0.60576665,74.0,12.0,0.54820776,69.0,11.0,0.5716202,81.0,34.0,0.662299,53.0,36.0,0.77712333,89.0,64.0,0.6465932,56.0,57.0,0.63170516,82.0,91.0,0.5269824,46.0,62.0,0.5668024,76.0,83.0,0.7989913,61.0,82.0,0.84894586,76.0,117.0,0.81871897,60.0,116.0,0.89015573,85.0,138.0,0.6457875,65.0,150.0,0.692467,0,exp
exp/frame_002764.jpg,24.0,26.0,0.56106657,26.0,22.0,0.65729135,23.0,23.0,0.5066992,32.0,22.0,0.70009005,25.0,23.0,0.58571064,38.0,30.0,0.69971675,21.0,33.0,0.5889163,53.0,46.0,0.7699865,14.0,47.0,0.32852864,47.0,63.0,0.7121042,9.0,62.0,0.4043587,38.0,76.0,0.7189623,37.0,77.0,0.68188626,30.0,108.0,0.67147833,41.0,105.0,0.4119625,43.0,134.0,0.5226617,48.0,124.0,0.33658347,0,exp
exp/frame_002765.jpg,9.0,30.0,0.6231301,11.0,27.0,0.8279902,9.0,27.0,0.80522466,18.0,28.0,0.7358849,15.0,28.0,0.7000785,29.0,35.0,0.7836574,16.0,36.0,0.7404253,44.0,51.0,0.57669675,23.0,50.0,0.78660405,42.0,67.0,0.3309273,22.0,61.0,0.677192,42.0,59.0,0.6538173,32.0,60.0,0.8124301,38.0,86.0,0.8677928,26.0,83.0,0.6216406,45.0,100.0,0.39248693,23.0,100.0,0.5107719,0,exp
exp/frame_002766.jpg,71.0,40.0,0.57827795,69.0,37.0,0.7005889,69.0,37.0,0.7158012,63.0,37.0,0.64994466,63.0,38.0,0.71504235,50.0,42.0,0.69917965,57.0,55.0,0.7504713,35.0,52.0,0.50525725,57.0,80.0,0.6433455,43.0,63.0,0.12927446,62.0,98.0,0.86221766,30.0,72.0,0.84734786,27.0,75.0,0.69578266,47.0,103.0,0.65858424,42.0,104.0,0.61377066,21.0,126.0,0.6096128,15.0,125.0,0.59176606,0,exp
exp/frame_002767.jpg,14.0,48.0,0.67986417,16.0,45.0,0.7160578,15.0,45.0,0.6687845,23.0,45.0,0.705096,21.0,46.0,0.62691855,39.0,54.0,0.8857583,20.0,60.0,0.8775195,60.0,69.0,0.8713276,26.0,75.0,0.8126908,64.0,87.0,0.5604989,25.0,90.0,0.480956,55.0,77.0,0.79769903,40.0,80.0,0.8237905,41.0,106.0,0.7944259,18.0,103.0,0.8074133,57.0,130.0,0.585564,22.0,126.0,0.88636947,0,exp
exp/frame_00288.jpg,29.0,16.0,0.65895295,31.0,12.0,0.73501456,28.0,13.0,0.47883087,40.0,11.0,0.7675667,33.0,12.0,0.47800198,53.0,26.0,0.7661338,31.0,26.0,0.8132123,67.0,48.0,0.8036671,32.0,43.0,0.59042585,68.0,66.0,0.6361344,26.0,50.0,0.3537447,51.0,62.0,0.88065964,36.0,62.0,0.9037105,51.0,96.0,0.7181678,26.0,91.0,0.7729432,56.0,124.0,0.4718543,34.0,121.0,0.8734021,0,exp
exp/frame_002882.jpg,21.0,24.0,0.40306365,23.0,22.0,0.57726204,23.0,22.0,0.585489,28.0,23.0,0.5879489,31.0,22.0,0.24493848,28.0,39.0,0.7110039,40.0,35.0,0.58134747,25.0,57.0,0.43831366,41.0,52.0,0.35723174,17.0,70.0,0.56098235,34.0,59.0,0.12869878,30.0,71.0,0.81925213,37.0,69.0,0.5808798,31.0,101.0,0.49053156,26.0,96.0,0.5193498,41.0,131.0,0.23159765,17.0,125.0,0.5367615,0,exp
exp/frame_002883.jpg,4.0,14.0,0.5058923,5.0,10.0,0.5008763,4.0,10.0,0.5767221,16.0,8.0,0.68291193,13.0,9.0,0.6062289,26.0,21.0,0.7065526,19.0,23.0,0.536172,44.0,43.0,0.8774428,28.0,45.0,0.43688563,38.0,61.0,0.31812868,28.0,59.0,0.60248005,46.0,59.0,0.7919802,32.0,61.0,0.90708536,40.0,98.0,0.789235,22.0,93.0,0.91178536,45.0,132.0,0.76470476,27.0,128.0,0.7872065,0,exp
exp/frame_002884.jpg,22.0,26.0,0.51413417,24.0,22.0,0.63050497,20.0,23.0,0.6990188,28.0,23.0,0.735302,19.0,24.0,0.5489347,35.0,32.0,0.86373657,15.0,39.0,0.7436589,50.0,48.0,0.7896913,15.0,55.0,0.42492792,45.0,64.0,0.6277438,3.0,72.0,0.6417825,38.0,74.0,0.7993679,26.0,76.0,0.76615936,31.0,110.0,0.6004386,24.0,107.0,0.4713218,43.0,141.0,0.7334478,38.0,128.0,0.24760178,0,exp
exp/frame_002885.jpg,14.0,43.0,0.72313774,16.0,41.0,0.7118986,13.0,41.0,0.84332675,22.0,41.0,0.80063003,17.0,41.0,0.6977966,34.0,48.0,0.81866163,18.0,51.0,0.75449127,51.0,63.0,0.876208,20.0,65.0,0.7828607,52.0,80.0,0.743279,11.0,79.0,0.7169277,45.0,73.0,0.8922819,34.0,75.0,0.7435536,42.0,98.0,0.9194757,28.0,97.0,0.6776242,54.0,122.0,0.7595549,25.0,122.0,0.6323334,0,exp
exp/frame_002886.jpg,44.0,54.0,0.39084128,47.0,52.0,0.44627297,43.0,52.0,0.41657606,48.0,54.0,0.37892178,38.0,53.0,0.40292013,47.0,67.0,0.6752862,26.0,65.0,0.82254505,45.0,81.0,0.48081484,20.0,83.0,0.4805023,46.0,94.0,0.703004,24.0,96.0,0.35408515,36.0,93.0,0.86131775,23.0,92.0,0.8413942,42.0,116.0,0.7597466,19.0,116.0,0.78015536,43.0,134.0,0.48043665,15.0,133.0,0.7843965,0,exp
exp/frame_002888.jpg,35.0,3.0,0.6585362,39.0,1.0,0.5758029,37.0,1.0,0.64340025,49.0,3.0,0.5547065,45.0,2.0,0.53707373,62.0,22.0,0.80520004,33.0,23.0,0.783642,73.0,50.0,0.55161834,35.0,47.0,0.4503029,75.0,73.0,0.7341269,22.0,49.0,0.36259452,58.0,69.0,0.90309864,40.0,68.0,0.8931052,52.0,103.0,0.77241266,42.0,103.0,0.78357786,53.0,139.0,0.6346977,49.0,132.0,0.6228864,0,exp
exp/frame_002889.jpg,20.0,38.0,0.7791358,22.0,35.0,0.7661094,20.0,35.0,0.58789647,30.0,35.0,0.75511736,26.0,35.0,0.58455133,45.0,41.0,0.78478867,26.0,48.0,0.6802018,68.0,47.0,0.8248569,29.0,63.0,0.74826825,70.0,63.0,0.74263275,29.0,81.0,0.701444,62.0,65.0,0.81346416,46.0,67.0,0.82531995,50.0,94.0,0.7285578,29.0,90.0,0.88645285,52.0,118.0,0.60131574,27.0,116.0,0.8375672,0,exp
exp/frame_00300.jpg,22.0,30.0,0.46752653,24.0,26.0,0.52111125,22.0,27.0,0.61134875,35.0,26.0,0.5213292,33.0,26.0,0.23729111,33.0,44.0,0.76006395,43.0,40.0,0.64335287,31.0,62.0,0.5302233,41.0,62.0,0.36167753,23.0,80.0,0.72691643,31.0,74.0,0.236412,32.0,78.0,0.77800524,39.0,77.0,0.58380187,21.0,108.0,0.6693872,33.0,106.0,0.61086535,38.0,136.0,0.35943824,28.0,140.0,0.6133417,0,exp
exp/frame_0030010.jpg,18.0,35.0,0.74499595,20.0,32.0,0.7265133,17.0,32.0,0.77227,29.0,31.0,0.8453483,22.0,32.0,0.66506577,41.0,39.0,0.9455781,19.0,45.0,0.83451235,53.0,58.0,0.84007084,15.0,64.0,0.6984961,45.0,71.0,0.16492565,9.0,83.0,0.7713295,58.0,63.0,0.7452313,42.0,67.0,0.8269238,64.0,98.0,0.83882314,25.0,95.0,0.773335,85.0,119.0,0.5937139,46.0,116.0,0.8478627,0,exp
exp/frame_003002.jpg,47.0,69.0,0.467062,49.0,67.0,0.26264793,45.0,67.0,0.43206856,51.0,67.0,0.5292733,41.0,67.0,0.52412605,54.0,79.0,0.6668132,33.0,78.0,0.7829826,56.0,93.0,0.4394165,26.0,78.0,0.1502057,56.0,108.0,0.69210637,25.0,67.0,0.1865345,41.0,104.0,0.90286666,28.0,103.0,0.7970435,47.0,129.0,0.6389874,29.0,130.0,0.7890155,49.0,146.0,0.51489186,22.0,144.0,0.48837063,0,exp
exp/frame_003003.jpg,4.0,13.0,0.6974685,7.0,9.0,0.6170465,4.0,9.0,0.567786,18.0,8.0,0.7287227,11.0,9.0,0.5887966,30.0,25.0,0.70432425,16.0,30.0,0.86348706,49.0,48.0,0.8552535,23.0,49.0,0.760024,44.0,71.0,0.35727325,14.0,67.0,0.7985637,49.0,63.0,0.90950054,35.0,66.0,0.89775366,49.0,102.0,0.8617952,23.0,98.0,0.84681314,63.0,138.0,0.81718796,25.0,132.0,0.89261985,0,exp
exp/frame_003004.jpg,26.0,29.0,0.60965127,29.0,26.0,0.6628118,27.0,26.0,0.8172565,37.0,27.0,0.67261225,35.0,26.0,0.5685573,49.0,41.0,0.6297577,30.0,41.0,0.81208825,64.0,63.0,0.831423,31.0,60.0,0.8133473,66.0,83.0,0.5375284,26.0,70.0,0.5939811,51.0,77.0,0.9486729,37.0,75.0,0.85608256,54.0,111.0,0.8770424,23.0,105.0,0.65250415,60.0,140.0,0.7203777,25.0,139.0,0.8783244,0,exp
exp/frame_003005.jpg,12.0,44.0,0.803913,14.0,41.0,0.6352991,11.0,42.0,0.66597605,20.0,42.0,0.7916292,13.0,42.0,0.7470053,31.0,50.0,0.76792675,14.0,52.0,0.74477035,49.0,63.0,0.5735566,14.0,65.0,0.74709,52.0,79.0,0.6599592,4.0,77.0,0.8657442,43.0,74.0,0.91652334,31.0,75.0,0.8999244,47.0,102.0,0.7448123,23.0,97.0,0.8171295,54.0,123.0,0.69005895,21.0,123.0,0.6772872,0,exp
exp/frame_003006.jpg,20.0,23.0,0.5059786,23.0,20.0,0.5968679,18.0,20.0,0.6621337,29.0,20.0,0.6903322,19.0,20.0,0.5309101,35.0,29.0,0.8405446,15.0,33.0,0.6465293,51.0,45.0,0.62673056,18.0,47.0,0.40507272,48.0,56.0,0.35120404,7.0,58.0,0.58636814,39.0,74.0,0.75230885,24.0,75.0,0.8039411,38.0,107.0,0.63042563,22.0,103.0,0.70737493,45.0,134.0,0.70165634,29.0,129.0,0.40920874,0,exp
exp/frame_003008.jpg,49.0,22.0,0.49223414,47.0,20.0,0.64024085,49.0,20.0,0.64948297,41.0,23.0,0.6864974,48.0,23.0,0.6750187,35.0,34.0,0.8743973,51.0,38.0,0.8566352,39.0,52.0,0.30047405,65.0,57.0,0.74298716,52.0,42.0,0.26918828,70.0,39.0,0.54002666,27.0,72.0,0.7053447,39.0,74.0,0.78936577,47.0,92.0,0.52599657,63.0,97.0,0.79510146,37.0,118.0,0.7092587,53.0,129.0,0.8294703,0,exp
exp/frame_003009.jpg,26.0,3.0,0.5580467,30.0,2.0,0.6279347,27.0,2.0,0.65472746,39.0,4.0,0.4747676,32.0,4.0,0.65365195,54.0,21.0,0.77760726,24.0,25.0,0.8092172,64.0,49.0,0.7088513,26.0,47.0,0.4040715,68.0,72.0,0.7630271,25.0,65.0,0.15596497,48.0,72.0,0.87990654,31.0,72.0,0.86143714,44.0,108.0,0.8340225,29.0,104.0,0.4399769,40.0,143.0,0.7531903,46.0,129.0,0.53596795,0,exp
exp/frame_003122.jpg,22.0,14.0,0.58221924,25.0,11.0,0.49082708,22.0,11.0,0.63798916,34.0,10.0,0.54694396,30.0,10.0,0.53606343,45.0,25.0,0.82094544,25.0,26.0,0.7062205,58.0,49.0,0.55108464,26.0,45.0,0.5099174,54.0,67.0,0.27758902,25.0,56.0,0.7027776,49.0,62.0,0.90197223,34.0,63.0,0.86285305,55.0,97.0,0.7570652,26.0,94.0,0.77336466,61.0,134.0,0.7027259,22.0,130.0,0.87410754,0,exp
exp/frame_003123.jpg,37.0,3.0,0.2990279,37.0,1.0,0.43542686,34.0,1.0,0.37840122,36.0,2.0,0.38037744,28.0,4.0,0.31588867,41.0,15.0,0.45158133,24.0,23.0,0.43092546,60.0,18.0,0.25376254,14.0,34.0,0.19035566,48.0,19.0,0.1651288,18.0,28.0,0.18230599,42.0,68.0,0.79901505,30.0,69.0,0.63773334,40.0,105.0,0.45335835,30.0,106.0,0.43022245,37.0,144.0,0.19574651,27.0,135.0,0.17769504,0,exp
exp/frame_003124.jpg,36.0,40.0,0.51869696,33.0,36.0,0.6663431,40.0,36.0,0.62761337,28.0,41.0,0.74688256,44.0,41.0,0.76779306,15.0,60.0,0.88851935,54.0,61.0,0.76182157,10.0,89.0,0.59233093,65.0,84.0,0.7956751,8.0,108.0,0.51417005,68.0,101.0,0.7502476,28.0,108.0,0.80579233,49.0,107.0,0.8138935,22.0,143.0,0.5311992,64.0,139.0,0.7480676,21.0,160.0,0.10978684,60.0,160.0,0.3480487,0,exp
exp/frame_003125.jpg,16.0,35.0,0.35681546,20.0,30.0,0.26139483,17.0,32.0,0.35712498,35.0,24.0,0.46684873,24.0,28.0,0.20938516,27.0,46.0,0.5791359,25.0,44.0,0.5245606,37.0,71.0,0.59886926,25.0,63.0,0.3832666,22.0,80.0,0.6660034,21.0,71.0,0.20598619,41.0,74.0,0.8167906,31.0,73.0,0.7866584,39.0,108.0,0.61714745,24.0,100.0,0.7909624,47.0,133.0,0.84156346,26.0,120.0,0.33531642,0,exp
exp/frame_003126.jpg,52.0,30.0,0.46761343,56.0,27.0,0.4799899,51.0,28.0,0.469539,64.0,29.0,0.70486206,53.0,30.0,0.581622,73.0,44.0,0.75372195,49.0,46.0,0.7424325,78.0,72.0,0.43662784,45.0,70.0,0.58417726,77.0,100.0,0.65540045,35.0,77.0,0.4331286,68.0,98.0,0.88795197,50.0,96.0,0.91444176,73.0,133.0,0.85531807,41.0,129.0,0.7955635,70.0,164.0,0.6077659,55.0,156.0,0.6902369,0,exp
exp/frame_003127.jpg,25.0,41.0,0.6650943,27.0,38.0,0.74191046,23.0,39.0,0.7671672,32.0,39.0,0.702297,23.0,40.0,0.703883,42.0,49.0,0.7955992,22.0,50.0,0.7492763,58.0,64.0,0.8793869,20.0,64.0,0.6882601,65.0,81.0,0.8067961,12.0,79.0,0.84053874,48.0,76.0,0.94519967,34.0,76.0,0.9253894,49.0,101.0,0.87841356,23.0,97.0,0.6072669,54.0,125.0,0.6836987,19.0,123.0,0.8822347,0,exp
exp/frame_003128.jpg,28.0,45.0,0.41767368,30.0,43.0,0.4574467,25.0,43.0,0.4423087,34.0,45.0,0.44364285,23.0,44.0,0.54093754,43.0,50.0,0.57623434,18.0,55.0,0.739926,50.0,37.0,0.6468959,3.0,48.0,0.7935982,51.0,26.0,0.278116,3.0,46.0,0.18406515,51.0,93.0,0.94557136,36.0,97.0,0.9399921,66.0,127.0,0.6740198,27.0,129.0,0.9301576,84.0,158.0,0.84189403,41.0,156.0,0.83897215,0,exp
exp/frame_00324.jpg,51.0,35.0,0.30693674,47.0,32.0,0.46539158,52.0,33.0,0.49271196,41.0,37.0,0.43349394,53.0,35.0,0.56317925,37.0,48.0,0.7325393,60.0,47.0,0.71328336,42.0,32.0,0.30000788,72.0,28.0,0.3663813,54.0,9.0,0.38719603,75.0,19.0,0.34461275,44.0,90.0,0.8372465,62.0,90.0,0.8604251,45.0,127.0,0.6481408,68.0,123.0,0.61693424,38.0,161.0,0.3241544,74.0,163.0,0.50305474,0,exp
exp/frame_003242.jpg,16.0,48.0,0.53732514,18.0,45.0,0.55803025,16.0,45.0,0.46009007,24.0,44.0,0.45245564,19.0,45.0,0.36705205,29.0,58.0,0.60785854,25.0,54.0,0.54352105,41.0,78.0,0.78644115,24.0,68.0,0.16239211,31.0,93.0,0.42880607,20.0,61.0,0.22418737,34.0,81.0,0.5973177,31.0,79.0,0.46928486,15.0,103.0,0.6135069,24.0,104.0,0.18567997,31.0,118.0,0.1558055,18.0,120.0,0.4730212,0,exp
exp/frame_003243.jpg,22.0,9.0,0.5936868,26.0,5.0,0.72496414,21.0,5.0,0.64450073,36.0,7.0,0.68174636,26.0,6.0,0.5506685,44.0,19.0,0.76963806,22.0,19.0,0.7709936,56.0,43.0,0.6340767,24.0,37.0,0.7746942,49.0,60.0,0.364925,19.0,53.0,0.7998595,47.0,56.0,0.8515568,31.0,55.0,0.81366754,47.0,91.0,0.7354326,24.0,86.0,0.7803359,56.0,122.0,0.49384013,25.0,121.0,0.78636587,0,exp
exp/frame_003244.jpg,23.0,15.0,0.5275274,28.0,11.0,0.46172994,22.0,12.0,0.60856974,35.0,13.0,0.5351188,26.0,14.0,0.5163427,49.0,33.0,0.89407533,18.0,36.0,0.67787504,53.0,65.0,0.77179843,14.0,63.0,0.6634041,36.0,85.0,0.45161942,7.0,82.0,0.38869363,48.0,84.0,0.8918436,27.0,85.0,0.8418669,55.0,120.0,0.71205807,19.0,120.0,0.67662174,57.0,150.0,0.7616519,15.0,161.0,0.800252,0,exp
exp/frame_003245.jpg,43.0,38.0,0.7786316,45.0,35.0,0.8605054,41.0,35.0,0.7423119,47.0,36.0,0.8698717,37.0,35.0,0.6029116,54.0,48.0,0.8176888,30.0,47.0,0.9109571,67.0,65.0,0.918215,27.0,62.0,0.8648686,72.0,82.0,0.7856024,20.0,74.0,0.73734176,52.0,77.0,0.92633086,37.0,77.0,0.88190484,49.0,107.0,0.878565,23.0,101.0,0.90059763,46.0,131.0,0.8377477,14.0,121.0,0.77559865,0,exp
exp/frame_003246.jpg,39.0,28.0,0.3105095,40.0,24.0,0.36576146,36.0,24.0,0.29547727,40.0,25.0,0.35186672,28.0,25.0,0.3588508,50.0,38.0,0.48484132,25.0,42.0,0.41279066,65.0,44.0,0.2242113,29.0,52.0,0.31335157,66.0,45.0,0.3747674,40.0,50.0,0.16660579,59.0,89.0,0.8536085,43.0,92.0,0.8446851,64.0,120.0,0.6346468,53.0,126.0,0.76213443,68.0,152.0,0.66801965,60.0,158.0,0.78225195,0,exp
exp/frame_00336.jpg,16.0,61.0,0.35956413,19.0,55.0,0.46558884,16.0,55.0,0.4181735,30.0,55.0,0.25452206,22.0,54.0,0.30843183,42.0,81.0,0.7752863,16.0,81.0,0.7999623,47.0,113.0,0.8326926,14.0,110.0,0.5859087,30.0,136.0,0.5912566,9.0,128.0,0.6073098,41.0,131.0,0.7663721,22.0,130.0,0.7618769,39.0,164.0,0.28505537,21.0,162.0,0.42356262,51.0,164.0,0.18504243,51.0,163.0,0.16123597,0,exp
exp/frame_003363.jpg,27.0,25.0,0.62649053,29.0,22.0,0.6806458,29.0,21.0,0.7667053,37.0,26.0,0.6880996,36.0,25.0,0.7040707,51.0,42.0,0.6170126,30.0,41.0,0.8238961,62.0,67.0,0.822268,35.0,62.0,0.52194697,50.0,91.0,0.6116468,23.0,58.0,0.7225924,58.0,76.0,0.732497,43.0,75.0,0.7108797,58.0,112.0,0.5843368,25.0,103.0,0.84081864,70.0,139.0,0.6928816,33.0,138.0,0.49440098,0,exp
exp/frame_003364.jpg,52.0,25.0,0.35275614,52.0,23.0,0.58497274,49.0,24.0,0.47939333,52.0,25.0,0.5728078,43.0,29.0,0.49382165,61.0,33.0,0.65048337,38.0,44.0,0.60077417,72.0,14.0,0.6381502,43.0,69.0,0.53502417,69.0,5.0,0.24876016,54.0,63.0,0.2363321,62.0,83.0,0.5750245,52.0,85.0,0.70381486,74.0,120.0,0.53973925,58.0,121.0,0.17019415,81.0,149.0,0.51094186,51.0,160.0,0.46535298,0,exp
exp/frame_003365.jpg,13.0,4.0,0.58719826,16.0,2.0,0.64680934,15.0,2.0,0.66236454,29.0,2.0,0.6349089,24.0,1.0,0.6659392,43.0,21.0,0.58823323,14.0,24.0,0.778424,59.0,58.0,0.84287167,16.0,54.0,0.5146811,78.0,89.0,0.39108354,11.0,75.0,0.32231423,41.0,77.0,0.79854053,23.0,79.0,0.7975501,42.0,117.0,0.867351,20.0,115.0,0.9039244,63.0,138.0,0.9467092,26.0,159.0,0.70651466,0,exp
exp/frame_003367.jpg,51.0,20.0,0.6196513,51.0,17.0,0.4647663,48.0,18.0,0.689445,49.0,19.0,0.6899971,41.0,20.0,0.6446886,56.0,32.0,0.8616147,31.0,30.0,0.8817443,66.0,48.0,0.8871217,20.0,45.0,0.7105993,66.0,64.0,0.74081427,8.0,57.0,0.7668023,47.0,66.0,0.84345484,33.0,65.0,0.84485453,40.0,97.0,0.81687665,33.0,94.0,0.7914523,30.0,123.0,0.66697466,25.0,122.0,0.42416874,0,exp
exp/frame_00348.jpg,28.0,29.0,0.4484149,31.0,25.0,0.41856006,26.0,26.0,0.534816,39.0,26.0,0.6311084,28.0,27.0,0.5305102,51.0,49.0,0.7848238,28.0,47.0,0.6869614,64.0,81.0,0.6311414,30.0,78.0,0.5577977,79.0,100.0,0.38511094,20.0,98.0,0.4342645,47.0,101.0,0.7898159,33.0,101.0,0.7712648,38.0,142.0,0.6130192,35.0,141.0,0.76129335,56.0,183.0,0.6445774,52.0,179.0,0.39131522,0,exp
exp/frame_003482.jpg,36.0,25.0,0.49148688,34.0,22.0,0.36843666,39.0,22.0,0.51941264,28.0,25.0,0.582139,41.0,24.0,0.626533,19.0,44.0,0.8844412,49.0,35.0,0.79164445,27.0,60.0,0.2648807,70.0,45.0,0.7113094,32.0,52.0,0.13225593,75.0,29.0,0.5717008,39.0,86.0,0.8931984,56.0,82.0,0.87507385,47.0,122.0,0.6874019,68.0,114.0,0.461907,67.0,153.0,0.52088624,76.0,150.0,0.44770953,0,exp
exp/frame_003483.jpg,46.0,45.0,0.7200412,49.0,42.0,0.7173207,44.0,42.0,0.8400842,53.0,43.0,0.7437416,43.0,43.0,0.7507192,59.0,54.0,0.9274454,36.0,56.0,0.95153326,72.0,71.0,0.59602517,37.0,79.0,0.8923554,73.0,81.0,0.5575589,55.0,76.0,0.45191577,55.0,87.0,0.9304868,39.0,87.0,0.87260246,63.0,112.0,0.6235174,29.0,114.0,0.81485057,68.0,130.0,0.5751296,13.0,140.0,0.7474358,0,exp
exp/frame_003484.jpg,13.0,28.0,0.71893156,16.0,25.0,0.6990315,12.0,26.0,0.51389426,24.0,26.0,0.7540277,15.0,27.0,0.5996663,31.0,39.0,0.7637847,15.0,39.0,0.60184467,48.0,56.0,0.8672042,15.0,50.0,0.21591261,56.0,77.0,0.8392532,12.0,52.0,0.118734665,45.0,68.0,0.89157283,36.0,69.0,0.7413882,23.0,91.0,0.85779,36.0,101.0,0.843572,30.0,119.0,0.8128111,57.0,116.0,0.8027683,0,exp
exp/frame_003487.jpg,56.0,37.0,0.25206602,56.0,34.0,0.35006538,53.0,34.0,0.24384728,54.0,36.0,0.23189479,46.0,37.0,0.36253703,54.0,54.0,0.39559752,38.0,53.0,0.35528103,46.0,47.0,0.23885772,22.0,80.0,0.40534714,53.0,25.0,0.13133588,46.0,13.0,0.34675005,55.0,102.0,0.7427349,44.0,105.0,0.6719173,58.0,133.0,0.751811,44.0,135.0,0.5816152,55.0,166.0,0.5687562,38.0,172.0,0.29633668,0,exp
exp/frame_003488.jpg,44.0,9.0,0.6441865,45.0,5.0,0.72148836,41.0,5.0,0.680025,42.0,6.0,0.5958713,32.0,6.0,0.6222724,53.0,20.0,0.56634414,22.0,19.0,0.74604017,60.0,47.0,0.13892023,9.0,39.0,0.36116663,55.0,52.0,0.106520995,24.0,47.0,0.41924572,49.0,72.0,0.37645653,29.0,71.0,0.56084895,65.0,136.0,0.3601462,27.0,119.0,0.41526383,29.0,170.0,0.45821342,6.0,116.0,0.27781552,0,exp
exp/frame_003489.jpg,59.0,32.0,0.8046139,59.0,30.0,0.59624684,56.0,29.0,0.7877513,55.0,30.0,0.660354,48.0,30.0,0.66350746,63.0,43.0,0.9075723,36.0,44.0,0.83236665,72.0,56.0,0.8356184,20.0,61.0,0.66286063,74.0,73.0,0.6297401,9.0,77.0,0.6929916,53.0,80.0,0.89619976,39.0,79.0,0.82466924,47.0,112.0,0.8272251,43.0,111.0,0.8018285,29.0,129.0,0.36595315,29.0,127.0,0.57638085,0,exp
exp/frame_003603.jpg,47.0,47.0,0.6825057,49.0,44.0,0.68224144,44.0,45.0,0.8351525,53.0,46.0,0.7693342,40.0,47.0,0.72628176,60.0,60.0,0.863414,34.0,62.0,0.9642995,74.0,77.0,0.87445796,36.0,85.0,0.8138667,69.0,84.0,0.16523162,56.0,82.0,0.6889821,52.0,91.0,0.9425789,35.0,92.0,0.94939846,66.0,117.0,0.92599446,24.0,121.0,0.9100711,59.0,142.0,0.80320656,9.0,149.0,0.8463076,0,exp
exp/frame_003604.jpg,25.0,29.0,0.6844664,27.0,27.0,0.6030107,23.0,27.0,0.69845855,32.0,30.0,0.7456762,22.0,29.0,0.7530173,36.0,45.0,0.6069622,20.0,42.0,0.78822654,49.0,68.0,0.82403874,18.0,56.0,0.18721199,46.0,85.0,0.66851187,17.0,63.0,0.1348519,40.0,81.0,0.8944931,29.0,83.0,0.86834717,51.0,111.0,0.8093026,27.0,110.0,0.7345768,74.0,132.0,0.8010366,47.0,122.0,0.60777515,0,exp
exp/frame_003605.jpg,56.0,10.0,0.6876669,57.0,6.0,0.64003575,53.0,6.0,0.705271,55.0,4.0,0.5059435,45.0,3.0,0.64926183,66.0,13.0,0.67321223,34.0,16.0,0.7031218,78.0,34.0,0.4750757,21.0,34.0,0.5190791,75.0,23.0,0.3283937,19.0,50.0,0.30725023,64.0,58.0,0.84718376,46.0,58.0,0.82479036,72.0,91.0,0.71142644,49.0,91.0,0.4905747,72.0,123.0,0.26491645,53.0,120.0,0.14568628,0,exp
exp/frame_003606.jpg,54.0,57.0,0.6861522,52.0,54.0,0.64318025,53.0,54.0,0.7067876,45.0,53.0,0.6049622,49.0,54.0,0.7576674,29.0,67.0,0.8997576,51.0,69.0,0.81668925,22.0,91.0,0.6246672,72.0,78.0,0.6631155,21.0,116.0,0.39867803,88.0,75.0,0.54149866,34.0,112.0,0.85052985,42.0,112.0,0.7957193,47.0,146.0,0.59015065,58.0,148.0,0.6586004,52.0,184.0,0.36145872,37.0,192.0,0.47495484,0,exp
exp/frame_003607.jpg,21.0,4.0,0.36363235,23.0,3.0,0.43315575,22.0,3.0,0.38772342,38.0,3.0,0.40238994,29.0,3.0,0.45250186,52.0,22.0,0.50161713,27.0,26.0,0.61434454,55.0,51.0,0.37173787,30.0,60.0,0.44948846,65.0,94.0,0.23024988,15.0,79.0,0.71508217,51.0,83.0,0.8050585,40.0,83.0,0.722928,35.0,129.0,0.86921275,53.0,128.0,0.86695415,26.0,181.0,0.72953564,76.0,166.0,0.7535805,0,exp
exp/frame_003608.jpg,64.0,25.0,0.6465516,64.0,22.0,0.76433134,61.0,22.0,0.73409617,59.0,23.0,0.6567917,52.0,24.0,0.7327857,63.0,35.0,0.6020183,43.0,39.0,0.82334185,60.0,49.0,0.7505377,31.0,61.0,0.764221,68.0,62.0,0.9144921,45.0,74.0,0.6062337,50.0,70.0,0.9255849,35.0,70.0,0.8904575,63.0,100.0,0.88196945,26.0,104.0,0.9209181,55.0,131.0,0.8715172,4.0,129.0,0.7574724,0,exp
exp/frame_00372.jpg,33.0,33.0,0.3473926,31.0,29.0,0.51162475,30.0,30.0,0.4683167,29.0,31.0,0.38813695,25.0,33.0,0.41272014,45.0,45.0,0.6639021,14.0,50.0,0.52233,59.0,73.0,0.6728265,12.0,77.0,0.29756486,51.0,62.0,0.42915604,23.0,94.0,0.63620615,54.0,93.0,0.7123648,39.0,96.0,0.6917708,66.0,125.0,0.2552275,49.0,129.0,0.3433919,60.0,157.0,0.4697634,52.0,155.0,0.29670152,0,exp
exp/frame_003723.jpg,47.0,39.0,0.67174006,49.0,36.0,0.4974867,44.0,37.0,0.5571927,49.0,36.0,0.65604275,37.0,36.0,0.7364399,59.0,46.0,0.73753643,24.0,50.0,0.75184786,70.0,64.0,0.39806974,15.0,70.0,0.66927904,69.0,70.0,0.12811019,15.0,90.0,0.37398452,57.0,91.0,0.8476665,35.0,92.0,0.88233554,66.0,126.0,0.653388,24.0,123.0,0.7924814,70.0,159.0,0.4424937,21.0,158.0,0.6343914,0,exp
exp/frame_003724.jpg,50.0,29.0,0.7581608,53.0,26.0,0.84572804,47.0,26.0,0.8530233,54.0,28.0,0.8035548,42.0,29.0,0.7469306,61.0,46.0,0.7215753,36.0,45.0,0.9342621,65.0,70.0,0.56432664,42.0,70.0,0.77590406,69.0,81.0,0.29681325,57.0,77.0,0.62069607,50.0,81.0,0.8562399,32.0,82.0,0.9328276,65.0,110.0,0.8673331,17.0,113.0,0.70041454,56.0,142.0,0.8876019,1.0,137.0,0.9115971,0,exp
exp/frame_003726.jpg,57.0,48.0,0.60013,56.0,45.0,0.5104805,55.0,45.0,0.6613489,49.0,45.0,0.5653693,47.0,45.0,0.76632434,50.0,58.0,0.82319534,36.0,60.0,0.8687189,42.0,78.0,0.587502,21.0,83.0,0.8553883,49.0,86.0,0.56204283,40.0,95.0,0.7212237,37.0,93.0,0.96081334,24.0,93.0,0.876866,45.0,127.0,0.8926225,28.0,129.0,0.69454014,30.0,154.0,0.7049899,7.0,140.0,0.4579949,0,exp
exp/frame_003727.jpg,47.0,22.0,0.568492,48.0,18.0,0.57148707,43.0,19.0,0.5082941,48.0,20.0,0.38900742,36.0,23.0,0.48832703,55.0,36.0,0.69143414,29.0,39.0,0.877376,59.0,60.0,0.31136996,23.0,65.0,0.56045663,64.0,81.0,0.4841256,29.0,85.0,0.61396706,50.0,87.0,0.80564666,34.0,87.0,0.79935193,49.0,115.0,0.7026946,33.0,114.0,0.7541904,47.0,144.0,0.7260666,37.0,142.0,0.5659287,0,exp
exp/frame_003729.jpg,64.0,40.0,0.46387255,62.0,36.0,0.6350119,65.0,37.0,0.5975842,55.0,38.0,0.6076647,63.0,40.0,0.69073045,35.0,57.0,0.7314091,69.0,61.0,0.88216037,30.0,89.0,0.77376026,72.0,91.0,0.824808,31.0,110.0,0.32805833,77.0,115.0,0.6873636,37.0,101.0,0.84529877,56.0,101.0,0.86283803,48.0,135.0,0.78669214,74.0,137.0,0.87515503,34.0,168.0,0.6671735,71.0,179.0,0.7309942,0,exp
exp/frame_00384.jpg,54.0,23.0,0.6045525,57.0,21.0,0.6251025,51.0,20.0,0.60306334,59.0,24.0,0.6839483,47.0,23.0,0.5052383,63.0,38.0,0.794419,42.0,36.0,0.18730216,56.0,49.0,0.33016238,37.0,56.0,0.3198764,44.0,52.0,0.23499635,40.0,54.0,0.2141484,67.0,79.0,0.8518015,50.0,82.0,0.76114273,83.0,110.0,0.61585724,49.0,108.0,0.22774743,86.0,123.0,0.32447734,52.0,123.0,0.24254315,0,exp
exp/frame_003842.jpg,74.0,15.0,0.27971196,76.0,12.0,0.5084759,72.0,12.0,0.4607062,81.0,14.0,0.4264328,72.0,13.0,0.36516938,81.0,32.0,0.5872036,65.0,29.0,0.574469,74.0,55.0,0.24420018,54.0,51.0,0.40349063,42.0,64.0,0.25020784,40.0,64.0,0.34222364,79.0,77.0,0.6500951,69.0,75.0,0.76315165,52.0,106.0,0.54396266,51.0,104.0,0.3326591,48.0,141.0,0.43416747,47.0,141.0,0.3414406,0,exp
exp/frame_003843.jpg,33.0,11.0,0.30679893,31.0,8.0,0.34840786,35.0,8.0,0.4695207,24.0,13.0,0.35993174,39.0,13.0,0.3717083,12.0,33.0,0.7546037,50.0,31.0,0.69776475,2.0,66.0,0.33778375,66.0,58.0,0.8232356,5.0,50.0,0.32491347,56.0,42.0,0.29841483,27.0,87.0,0.41473785,48.0,86.0,0.6138622,33.0,126.0,0.3927862,57.0,129.0,0.50429106,23.0,192.0,0.23801918,65.0,179.0,0.39459106,0,exp
exp/frame_003844.jpg,64.0,27.0,0.5958235,63.0,24.0,0.5770936,61.0,24.0,0.5869968,56.0,26.0,0.6669797,53.0,28.0,0.75189036,59.0,42.0,0.89509004,45.0,45.0,0.8385761,56.0,63.0,0.6166515,27.0,66.0,0.6760851,72.0,69.0,0.63501704,46.0,83.0,0.58110464,42.0,82.0,0.8151777,32.0,82.0,0.90057397,32.0,118.0,0.7984115,56.0,115.0,0.53039336,8.0,142.0,0.45168915,61.0,151.0,0.3571528,0,exp
exp/frame_003845.jpg,31.0,29.0,0.23810796,32.0,21.0,0.30952668,31.0,21.0,0.31869656,38.0,20.0,0.25028473,39.0,20.0,0.34330285,50.0,34.0,0.30017015,37.0,35.0,0.29615107,46.0,67.0,0.27604404,38.0,71.0,0.31935427,19.0,110.0,0.42552295,19.0,110.0,0.42678842,53.0,98.0,0.75671375,37.0,98.0,0.68064797,60.0,149.0,0.7873023,21.0,142.0,0.7082976,78.0,194.0,0.67063546,13.0,197.0,0.5278561,0,exp
exp/frame_003846.jpg,60.0,22.0,0.6338464,61.0,19.0,0.46575245,57.0,18.0,0.7488323,58.0,20.0,0.5538007,48.0,21.0,0.5384228,66.0,37.0,0.7605031,36.0,39.0,0.84004295,69.0,63.0,0.6210408,30.0,64.0,0.6716435,70.0,83.0,0.55890805,27.0,87.0,0.6124171,59.0,87.0,0.79516155,39.0,86.0,0.66013956,61.0,115.0,0.62578654,33.0,115.0,0.6524301,62.0,147.0,0.48455557,32.0,147.0,0.83586276,0,exp
exp/frame_003848.jpg,78.0,48.0,0.50948274,75.0,44.0,0.71293145,76.0,45.0,0.76163405,67.0,46.0,0.61313605,71.0,47.0,0.7481166,46.0,65.0,0.9255501,83.0,65.0,0.7963465,36.0,90.0,0.74043727,90.0,90.0,0.84831744,52.0,94.0,0.45072848,92.0,108.0,0.6979108,53.0,112.0,0.91501987,72.0,112.0,0.8754973,61.0,145.0,0.8699292,99.0,144.0,0.947966,45.0,180.0,0.74575734,102.0,187.0,0.91427374,0,exp
exp/frame_003963.jpg,42.0,16.0,0.41773197,38.0,11.0,0.52953327,43.0,12.0,0.51683867,33.0,15.0,0.55844593,48.0,15.0,0.5298973,24.0,36.0,0.5901668,58.0,33.0,0.6030451,15.0,73.0,0.33564553,69.0,62.0,0.40338555,16.0,53.0,0.20716946,62.0,46.0,0.3873584,43.0,90.0,0.51885295,45.0,90.0,0.46398517,43.0,133.0,0.26198697,44.0,130.0,0.14908555,84.0,183.0,0.13809681,83.0,179.0,0.5904918,0,exp
exp/frame_003964.jpg,57.0,13.0,0.57900596,59.0,10.0,0.6415744,54.0,10.0,0.59263086,58.0,13.0,0.4879087,45.0,14.0,0.48446113,65.0,30.0,0.794594,34.0,32.0,0.8907682,70.0,55.0,0.7460718,25.0,56.0,0.7161399,73.0,74.0,0.62335646,24.0,80.0,0.6766052,59.0,83.0,0.84359396,40.0,82.0,0.84147704,67.0,115.0,0.5684894,39.0,115.0,0.7192091,68.0,137.0,0.68026423,38.0,140.0,0.4195408,0,exp
exp/frame_003965.jpg,42.0,24.0,0.42971796,38.0,20.0,0.59910965,42.0,20.0,0.4450294,32.0,25.0,0.6743823,41.0,23.0,0.5915378,18.0,46.0,0.75555533,54.0,45.0,0.812963,13.0,72.0,0.36524105,59.0,80.0,0.5017499,25.0,70.0,0.16890836,69.0,65.0,0.6237857,37.0,104.0,0.9306784,57.0,102.0,0.89641625,53.0,145.0,0.72807825,80.0,140.0,0.79990655,37.0,189.0,0.8146938,93.0,184.0,0.69732916,0,exp
exp/frame_003966.jpg,66.0,21.0,0.6309377,62.0,16.0,0.60871625,64.0,17.0,0.7094369,53.0,17.0,0.58150923,58.0,18.0,0.63877475,31.0,33.0,0.9024335,68.0,34.0,0.85174096,14.0,59.0,0.8428308,82.0,66.0,0.87348205,41.0,61.0,0.38370955,94.0,94.0,0.88421196,40.0,85.0,0.89324015,56.0,85.0,0.7689632,56.0,130.0,0.6624901,66.0,132.0,0.55743915,62.0,170.0,0.15933053,66.0,176.0,0.38523123,0,exp
exp/frame_004082.jpg,75.0,2.0,0.639086,72.0,0.0,0.41636992,74.0,0.0,0.4942168,59.0,1.0,0.5230397,68.0,0.0,0.60141265,40.0,18.0,0.92896134,75.0,18.0,0.72861826,23.0,45.0,0.89235854,90.0,48.0,0.9343492,31.0,61.0,0.7335629,102.0,76.0,0.6560874,42.0,73.0,0.848525,61.0,76.0,0.9067044,52.0,113.0,0.81658983,63.0,118.0,0.88379157,36.0,152.0,0.5628022,47.0,159.0,0.5387982,0,exp
exp/frame_004084.jpg,49.0,15.0,0.5052906,46.0,12.0,0.59193385,50.0,13.0,0.57468903,38.0,16.0,0.57054913,53.0,17.0,0.5933467,63.0,35.0,0.59643304,29.0,38.0,0.5900402,86.0,59.0,0.52149457,27.0,70.0,0.40822774,87.0,58.0,0.16742069,41.0,69.0,0.10584788,57.0,99.0,0.61856115,35.0,98.0,0.7199959,63.0,148.0,0.21447033,31.0,144.0,0.41723263,50.0,218.0,0.21176516,26.0,199.0,0.3686681,0,exp
exp/frame_004085.jpg,68.0,34.0,0.5284853,67.0,30.0,0.6897882,64.0,31.0,0.5586662,60.0,33.0,0.4445825,52.0,35.0,0.70860195,75.0,52.0,0.7366489,40.0,56.0,0.90745306,82.0,80.0,0.6381154,35.0,83.0,0.7439417,85.0,99.0,0.661067,38.0,108.0,0.77895844,71.0,103.0,0.901739,50.0,104.0,0.8362808,78.0,141.0,0.7545255,52.0,145.0,0.76191735,74.0,169.0,0.6674521,55.0,177.0,0.74874413,0,exp
exp/frame_004086.jpg,28.0,18.0,0.44422656,24.0,14.0,0.5210663,28.0,14.0,0.5717118,14.0,17.0,0.47270435,24.0,16.0,0.5963763,0.0,40.0,0.75584066,32.0,37.0,0.84376746,11.0,75.0,0.5872583,43.0,75.0,0.7775013,41.0,60.0,0.31443852,52.0,63.0,0.56185555,18.0,105.0,0.76066875,36.0,102.0,0.8694094,43.0,144.0,0.69794667,64.0,140.0,0.6659583,19.0,195.0,0.53402865,66.0,190.0,0.6607614,0,exp
exp/frame_004087.jpg,72.0,25.0,0.49608076,71.0,21.0,0.48542318,71.0,22.0,0.56365854,64.0,23.0,0.6345947,67.0,24.0,0.58170694,55.0,38.0,0.9124909,65.0,39.0,0.8452913,56.0,61.0,0.19398768,83.0,64.0,0.42425132,79.0,51.0,0.33607656,94.0,57.0,0.22012717,52.0,90.0,0.8074525,54.0,92.0,0.6958152,71.0,117.0,0.7705229,38.0,131.0,0.84670544,66.0,151.0,0.86125207,12.0,164.0,0.8810631,0,exp
exp/frame_004202.jpg,76.0,44.0,0.2316304,75.0,41.0,0.29732305,71.0,41.0,0.4006027,63.0,42.0,0.2881379,59.0,43.0,0.5600579,59.0,59.0,0.5847288,52.0,60.0,0.7363446,65.0,80.0,0.4279847,63.0,84.0,0.5994524,79.0,82.0,0.22231689,88.0,95.0,0.5060229,42.0,105.0,0.81736875,32.0,104.0,0.695112,53.0,145.0,0.369986,51.0,148.0,0.8635931,30.0,177.0,0.7009706,24.0,180.0,0.8130398,0,exp
exp/frame_004203.jpg,52.0,15.0,0.5045159,51.0,11.0,0.6050209,48.0,12.0,0.48831785,44.0,14.0,0.3990744,35.0,16.0,0.61430144,60.0,34.0,0.6613796,24.0,39.0,0.7267239,65.0,66.0,0.5437354,24.0,70.0,0.7417464,68.0,90.0,0.54740226,33.0,96.0,0.63584626,57.0,88.0,0.8850143,35.0,89.0,0.80846304,58.0,128.0,0.5995064,39.0,130.0,0.86797607,60.0,159.0,0.55075777,44.0,158.0,0.7891415,0,exp
exp/frame_004204.jpg,102.0,42.0,0.69222534,99.0,37.0,0.6930213,100.0,38.0,0.64275515,89.0,40.0,0.5375957,91.0,41.0,0.73841786,66.0,61.0,0.7808515,103.0,60.0,0.707662,55.0,91.0,0.5716182,113.0,94.0,0.89263636,63.0,106.0,0.21067493,129.0,123.0,0.6772096,65.0,113.0,0.90043867,89.0,117.0,0.9306101,57.0,157.0,0.82516146,92.0,166.0,0.81632626,35.0,193.0,0.78703874,89.0,205.0,0.7818153,0,exp
exp/frame_004322.jpg,48.0,51.0,0.31050473,48.0,48.0,0.34472892,45.0,48.0,0.5016047,40.0,50.0,0.45924026,35.0,51.0,0.6392376,35.0,70.0,0.76147985,31.0,70.0,0.64870465,33.0,96.0,0.250012,13.0,98.0,0.78411126,40.0,111.0,0.25182763,38.0,113.0,0.5518044,26.0,118.0,0.7330301,20.0,118.0,0.8524702,34.0,159.0,0.70211345,45.0,162.0,0.6290401,20.0,190.0,0.79157865,34.0,206.0,0.8021567,0,exp
exp/frame_004323.jpg,66.0,50.0,0.5838045,62.0,45.0,0.40443632,65.0,45.0,0.7003438,53.0,46.0,0.5336813,61.0,47.0,0.7165867,29.0,65.0,0.6504725,65.0,69.0,0.66614485,17.0,93.0,0.34541818,71.0,106.0,0.87140477,21.0,110.0,0.13665457,83.0,136.0,0.56322837,26.0,121.0,0.81169856,50.0,122.0,0.80945253,36.0,174.0,0.5367217,65.0,171.0,0.42745367,25.0,220.0,0.5827912,59.0,220.0,0.48241356,0,exp
exp/frame_00444.jpg,50.0,28.0,0.53465414,49.0,24.0,0.5665451,47.0,24.0,0.64106256,39.0,24.0,0.44091356,31.0,25.0,0.67007136,48.0,42.0,0.6352333,11.0,47.0,0.5808082,55.0,66.0,0.23838167,0.0,74.0,0.19930345,62.0,87.0,0.556928,14.0,85.0,0.2830643,39.0,96.0,0.8853216,17.0,98.0,0.79365176,45.0,139.0,0.68773323,24.0,142.0,0.7292805,46.0,182.0,0.57492876,21.0,182.0,0.5985426,0,exp
exp/frame_00456.jpg,32.0,17.0,0.4798386,35.0,15.0,0.85347855,30.0,15.0,0.8792721,39.0,16.0,0.8066217,28.0,16.0,0.81113905,45.0,25.0,0.6524631,20.0,28.0,0.8814329,53.0,41.0,0.77592355,21.0,47.0,0.8341541,48.0,53.0,0.8338827,35.0,54.0,0.73769045,46.0,52.0,0.84489405,30.0,54.0,0.85256124,61.0,63.0,0.23623045,29.0,69.0,0.27891803,66.0,93.0,0.16320485,28.0,94.0,0.16869181,0,exp
exp/frame_00480.jpg,44.0,71.0,0.47054863,48.0,64.0,0.56810856,45.0,67.0,0.49973214,62.0,64.0,0.6675158,60.0,66.0,0.5437331,68.0,82.0,0.7969892,65.0,86.0,0.5745286,56.0,121.0,0.51108915,55.0,122.0,0.357961,28.0,114.0,0.3882217,28.0,114.0,0.3941521,63.0,158.0,0.2967912,66.0,156.0,0.37134436,56.0,202.0,0.13199286,64.0,195.0,0.13248147,53.0,223.0,0.19672401,57.0,222.0,0.2393452,0,exp
exp/frame_005043.jpg,43.0,33.0,0.57490194,46.0,29.0,0.73199564,40.0,29.0,0.7884799,48.0,31.0,0.65761477,34.0,30.0,0.5713121,37.0,48.0,0.55472434,31.0,48.0,0.77601886,45.0,73.0,0.3913428,34.0,86.0,0.7877103,62.0,89.0,0.7249985,49.0,113.0,0.7273053,11.0,87.0,0.74507934,14.0,89.0,0.8334614,21.0,130.0,0.3787277,34.0,131.0,0.7790644,6.0,147.0,0.34639427,26.0,163.0,0.3012609,0,exp
exp/frame_005044.jpg,29.0,32.0,0.62208,31.0,26.0,0.76898813,24.0,28.0,0.7451786,30.0,24.0,0.61963916,13.0,27.0,0.77432346,46.0,40.0,0.857268,3.0,43.0,0.8569554,62.0,65.0,0.80588734,4.0,76.0,0.27356517,65.0,94.0,0.8971689,10.0,98.0,0.3074483,43.0,90.0,0.7897342,18.0,93.0,0.7623824,42.0,129.0,0.63343704,21.0,130.0,0.44207367,54.0,159.0,0.1631254,30.0,156.0,0.1394396,0,exp
exp/frame_005045.jpg,4.0,31.0,0.40633515,3.0,27.0,0.47849447,4.0,27.0,0.51050526,10.0,26.0,0.56979424,12.0,24.0,0.46132317,36.0,42.0,0.48252708,24.0,40.0,0.78124416,65.0,68.0,0.52239263,32.0,66.0,0.53250813,59.0,97.0,0.5221392,27.0,79.0,0.27871585,65.0,83.0,0.6678556,52.0,83.0,0.68092334,41.0,138.0,0.51604277,37.0,132.0,0.5155634,57.0,158.0,0.32511187,57.0,152.0,0.17364009,0,exp
exp/frame_00516.jpg,48.0,30.0,0.5575408,52.0,26.0,0.74007744,47.0,26.0,0.55526066,63.0,27.0,0.6678065,52.0,27.0,0.41369063,73.0,42.0,0.75777274,40.0,45.0,0.856158,74.0,70.0,0.5403431,31.0,77.0,0.81391335,72.0,88.0,0.17394815,58.0,94.0,0.68011945,62.0,90.0,0.76959395,39.0,91.0,0.8452202,70.0,133.0,0.22328696,35.0,141.0,0.7272098,72.0,157.0,0.2379868,25.0,160.0,0.11663968,0,exp
exp/frame_005164.jpg,77.0,39.0,0.68606913,77.0,35.0,0.8260217,72.0,35.0,0.7219764,73.0,36.0,0.63030434,60.0,36.0,0.7936444,84.0,55.0,0.8259976,42.0,50.0,0.6941748,97.0,83.0,0.8693979,36.0,83.0,0.8120464,106.0,112.0,0.8932077,28.0,109.0,0.79004985,73.0,104.0,0.8138931,53.0,104.0,0.8678852,57.0,149.0,0.83883584,54.0,149.0,0.6284379,57.0,185.0,0.17572147,84.0,162.0,0.71381235,0,exp
exp/frame_00528.jpg,41.0,89.0,0.48291063,42.0,86.0,0.48646975,41.0,85.0,0.46966094,54.0,83.0,0.61996615,53.0,83.0,0.50893223,73.0,107.0,0.83598256,60.0,103.0,0.6912655,88.0,144.0,0.39003062,71.0,138.0,0.37684947,64.0,159.0,0.50383353,62.0,154.0,0.59694505,98.0,152.0,0.7550016,83.0,153.0,0.64672905,76.0,207.0,0.5640273,68.0,200.0,0.68744504,84.0,228.0,0.29383096,80.0,227.0,0.41396728,0,exp
exp/frame_005283.jpg,-2.0,17.0,0.430157,-1.0,12.0,0.46136978,-1.0,12.0,0.558612,6.0,13.0,0.63168794,6.0,13.0,0.5934424,19.0,30.0,0.5262158,21.0,31.0,0.6986209,48.0,52.0,0.7739606,47.0,52.0,0.5882388,32.0,83.0,0.6822238,31.0,80.0,0.45194608,51.0,92.0,0.6982696,49.0,92.0,0.63217425,41.0,140.0,0.289506,39.0,139.0,0.46143332,70.0,179.0,0.2295681,65.0,181.0,0.63851213,0,exp
exp/frame_005284.jpg,80.0,26.0,0.6751598,80.0,22.0,0.6597414,76.0,22.0,0.79343045,73.0,24.0,0.6164259,64.0,24.0,0.7370327,87.0,40.0,0.87162757,44.0,42.0,0.8540714,96.0,67.0,0.8593112,38.0,70.0,0.657783,96.0,93.0,0.6215912,34.0,95.0,0.690503,78.0,97.0,0.9185547,54.0,97.0,0.86666495,74.0,146.0,0.4708867,42.0,145.0,0.76442003,64.0,186.0,0.86143655,36.0,187.0,0.78686917,0,exp
exp/frame_00540.jpg,14.0,10.0,0.48543158,16.0,7.0,0.5570878,16.0,6.0,0.6412494,26.0,9.0,0.58883905,25.0,7.0,0.59250927,46.0,29.0,0.65703094,22.0,31.0,0.8218789,79.0,44.0,0.7561252,31.0,53.0,0.652439,61.0,69.0,0.7763926,13.0,61.0,0.66727364,65.0,83.0,0.8523632,58.0,86.0,0.7129247,38.0,132.0,0.7150979,81.0,133.0,0.29628044,41.0,179.0,0.6977339,99.0,181.0,0.10755627,0,exp
exp/frame_005403.jpg,41.0,59.0,0.4141954,46.0,55.0,0.5574689,43.0,55.0,0.6666063,61.0,58.0,0.6997858,57.0,57.0,0.57134956,78.0,82.0,0.75245535,48.0,79.0,0.7377964,102.0,119.0,0.8289167,57.0,107.0,0.6597075,69.0,133.0,0.5488925,42.0,126.0,0.45485392,91.0,139.0,0.90319204,67.0,140.0,0.8644097,90.0,199.0,0.80038,55.0,194.0,0.82106733,120.0,190.0,0.23462848,73.0,251.0,0.79804355,0,exp
exp/frame_00552.jpg,14.0,14.0,0.5858798,21.0,9.0,0.6653297,18.0,9.0,0.46873078,36.0,16.0,0.77001375,30.0,13.0,0.625563,54.0,37.0,0.8115268,14.0,39.0,0.6520181,88.0,51.0,0.82851434,13.0,69.0,0.40066233,69.0,78.0,0.7941663,6.0,77.0,0.4901977,56.0,101.0,0.8074676,39.0,103.0,0.8569943,26.0,155.0,0.8323772,60.0,151.0,0.6163878,56.0,192.0,0.8632156,100.0,186.0,0.9306276,0,exp
exp/frame_005522.jpg,16.0,33.0,0.5506253,19.0,29.0,0.51801574,17.0,29.0,0.7425755,33.0,34.0,0.67682916,30.0,32.0,0.49442852,45.0,54.0,0.8255898,37.0,53.0,0.7392899,68.0,92.0,0.44237846,41.0,87.0,0.54771054,42.0,115.0,0.57213056,21.0,99.0,0.651178,71.0,111.0,0.8617042,55.0,111.0,0.78932583,60.0,166.0,0.18373573,37.0,157.0,0.5800599,62.0,208.0,0.51020575,62.0,212.0,0.6656877,0,exp
exp/frame_005523.jpg,66.0,37.0,0.75755614,64.0,33.0,0.7627764,62.0,33.0,0.84203786,56.0,35.0,0.578332,51.0,37.0,0.795156,65.0,54.0,0.74487627,35.0,57.0,0.88364214,60.0,79.0,0.6664156,34.0,90.0,0.7547023,78.0,86.0,0.7017565,61.0,98.0,0.4533961,58.0,108.0,0.9326249,38.0,109.0,0.9173954,79.0,149.0,0.8413421,33.0,154.0,0.6905533,76.0,192.0,0.7406353,22.0,197.0,0.7935983,0,exp
exp/frame_005642.jpg,37.0,57.0,0.64037293,43.0,53.0,0.72788215,39.0,52.0,0.6626826,60.0,59.0,0.71783864,52.0,56.0,0.58751416,77.0,81.0,0.73504364,38.0,75.0,0.49035105,105.0,115.0,0.7033082,43.0,104.0,0.85373795,76.0,133.0,0.624738,35.0,129.0,0.8494851,80.0,140.0,0.8449042,57.0,140.0,0.8879694,58.0,197.0,0.7503303,59.0,196.0,0.7059771,68.0,251.0,0.79792255,115.0,183.0,0.75618845,0,exp
exp/frame_005643.jpg,26.0,41.0,0.6787956,31.0,36.0,0.541227,28.0,36.0,0.59455216,45.0,41.0,0.6677927,38.0,38.0,0.5077,61.0,61.0,0.8963243,31.0,66.0,0.8399777,95.0,85.0,0.8958793,35.0,88.0,0.7763687,69.0,111.0,0.71594816,13.0,99.0,0.6908599,78.0,120.0,0.8391329,68.0,123.0,0.82389164,38.0,170.0,0.82576865,96.0,164.0,0.7562196,64.0,223.0,0.39640665,137.0,206.0,0.77810067,0,exp
exp/frame_005644.jpg,74.0,28.0,0.73595405,72.0,25.0,0.5877055,70.0,25.0,0.74206245,64.0,28.0,0.66599846,60.0,29.0,0.7405852,73.0,48.0,0.88524324,46.0,50.0,0.79976314,65.0,73.0,0.5258531,60.0,80.0,0.72511584,83.0,72.0,0.25886452,84.0,74.0,0.68086886,67.0,99.0,0.9037129,47.0,101.0,0.9081533,80.0,142.0,0.77806145,39.0,146.0,0.87605387,89.0,184.0,0.8927783,30.0,187.0,0.9195839,0,exp
exp/frame_00576.jpg,20.0,35.0,0.5075223,21.0,30.0,0.62629867,21.0,29.0,0.7307023,31.0,34.0,0.557895,32.0,33.0,0.62559587,49.0,60.0,0.8101585,33.0,60.0,0.6016129,65.0,98.0,0.46560237,48.0,97.0,0.46280044,32.0,112.0,0.49064627,33.0,114.0,0.5285928,69.0,113.0,0.9043752,55.0,114.0,0.8553342,41.0,170.0,0.78564155,44.0,166.0,0.46983412,113.0,153.0,0.59774935,112.0,152.0,0.6451504,0,exp
exp/frame_005762.jpg,29.0,57.0,0.49404773,35.0,54.0,0.5450156,33.0,53.0,0.70593655,50.0,59.0,0.7491081,47.0,56.0,0.6316714,65.0,84.0,0.84551406,37.0,78.0,0.65019786,73.0,125.0,0.7751088,31.0,101.0,0.1674179,39.0,114.0,0.61837816,30.0,103.0,0.447629,77.0,146.0,0.8282597,48.0,147.0,0.87094724,97.0,201.0,0.7657447,27.0,203.0,0.8023258,132.0,233.0,0.7645606,51.0,256.0,0.765365,0,exp
exp/frame_005763.jpg,59.0,35.0,0.47274888,59.0,31.0,0.5681628,56.0,32.0,0.55654466,50.0,31.0,0.6589807,44.0,33.0,0.5077745,58.0,46.0,0.68074906,35.0,54.0,0.8738396,76.0,54.0,0.15959755,55.0,78.0,0.7375556,77.0,38.0,0.4289711,78.0,69.0,0.43334758,55.0,104.0,0.86592233,38.0,105.0,0.90581495,63.0,145.0,0.8616467,28.0,148.0,0.80044013,70.0,184.0,0.8572356,11.0,185.0,0.75737137,0,exp
exp/frame_005882.jpg,3.0,19.0,0.43459058,3.0,14.0,0.40420955,3.0,13.0,0.53968585,14.0,10.0,0.59916353,16.0,9.0,0.59938073,25.0,34.0,0.8433259,37.0,26.0,0.45898813,34.0,71.0,0.69477737,80.0,44.0,0.832299,4.0,65.0,0.81879854,55.0,63.0,0.37915075,62.0,89.0,0.8633912,47.0,88.0,0.8094874,87.0,140.0,0.7352834,13.0,131.0,0.7741064,130.0,179.0,0.8625564,34.0,183.0,0.8205523,0,exp
exp/frame_005883.jpg,60.0,53.0,0.3524259,61.0,48.0,0.37552962,57.0,49.0,0.5108147,60.0,48.0,0.26280504,51.0,49.0,0.52697194,64.0,66.0,0.7292914,43.0,71.0,0.88955975,80.0,75.0,0.24424286,65.0,88.0,0.5555106,93.0,68.0,0.1643587,86.0,77.0,0.16885138,60.0,117.0,0.8875169,45.0,118.0,0.9082993,65.0,158.0,0.7409582,38.0,162.0,0.86598176,69.0,201.0,0.86078185,15.0,199.0,0.66601825,0,exp
exp/frame_006002.jpg,41.0,32.0,0.461964,41.0,28.0,0.6809492,37.0,28.0,0.5618672,37.0,28.0,0.5824237,26.0,30.0,0.70266855,46.0,42.0,0.7428936,16.0,48.0,0.8862626,51.0,61.0,0.56151414,3.0,72.0,0.80409694,54.0,73.0,0.44788843,10.0,98.0,0.72488576,42.0,84.0,0.9303831,25.0,86.0,0.8973486,53.0,115.0,0.80884624,30.0,120.0,0.85060483,56.0,146.0,0.819847,23.0,155.0,0.7576232,0,exp
exp/frame_006003.jpg,71.0,42.0,0.668379,72.0,38.0,0.5872284,67.0,38.0,0.77422297,72.0,38.0,0.5673791,60.0,38.0,0.7098328,77.0,52.0,0.77401495,54.0,57.0,0.7608319,92.0,61.0,0.40407863,85.0,66.0,0.29086137,101.0,54.0,0.13765411,111.0,55.0,0.14388314,71.0,110.0,0.87406015,55.0,111.0,0.8890314,75.0,150.0,0.88827384,48.0,153.0,0.6329701,77.0,191.0,0.91012096,24.0,188.0,0.86656094,0,exp
exp/frame_00612.jpg,54.0,39.0,0.52350473,56.0,35.0,0.6367908,50.0,35.0,0.7470244,57.0,36.0,0.694912,42.0,37.0,0.6926558,63.0,53.0,0.72393596,34.0,58.0,0.8473911,81.0,77.0,0.57049996,65.0,78.0,0.6316271,88.0,62.0,0.76275015,85.0,62.0,0.33795568,58.0,104.0,0.7299535,41.0,105.0,0.822029,64.0,148.0,0.7899698,33.0,151.0,0.7986771,68.0,187.0,0.8823497,22.0,188.0,0.7789055,0,exp
exp/frame_00624.jpg,60.0,36.0,0.6859549,60.0,32.0,0.71386933,57.0,32.0,0.71409285,54.0,33.0,0.5526704,45.0,35.0,0.66728365,66.0,49.0,0.6258613,33.0,55.0,0.6409118,82.0,74.0,0.24629106,50.0,83.0,0.4919618,86.0,71.0,0.48084474,69.0,72.0,0.36079195,64.0,104.0,0.8479351,44.0,107.0,0.8764862,76.0,143.0,0.85327786,39.0,151.0,0.83535373,83.0,181.0,0.855487,39.0,185.0,0.6882628,0,exp
exp/frame_00636.jpg,49.0,44.0,0.77066237,48.0,40.0,0.8377155,44.0,41.0,0.8299116,44.0,42.0,0.6742038,34.0,43.0,0.70317745,58.0,56.0,0.9333745,18.0,63.0,0.84504265,79.0,76.0,0.89752316,25.0,95.0,0.7957537,103.0,86.0,0.8517411,43.0,87.0,0.71261686,57.0,108.0,0.9147949,36.0,112.0,0.92370814,75.0,152.0,0.8289995,40.0,160.0,0.91559625,83.0,185.0,0.930761,50.0,193.0,0.6121656,0,exp
exp/frame_00648.jpg,33.0,28.0,0.7480941,34.0,23.0,0.6686852,28.0,25.0,0.7107434,36.0,25.0,0.7406492,21.0,29.0,0.76984155,51.0,36.0,0.6555269,13.0,47.0,0.83940536,67.0,63.0,0.8522897,9.0,76.0,0.74452174,77.0,88.0,0.68893135,24.0,92.0,0.61495996,55.0,91.0,0.82173824,36.0,96.0,0.7379904,51.0,132.0,0.65961975,46.0,132.0,0.699522,63.0,171.0,0.65442604,62.0,165.0,0.7403543,0,exp
